,x1,y1,x2,y2
0,154.01932,9.427757,306.80725,226.76811
1,39.73793,69.85024,170.7172,191.77087
2,274.4347,325.27505,550.579,465.9547
3,619.255,194.22285,625.3466,237.27199
4,78.47336,107.22419,472.43048,409.24423
5,151.43608,279.81204,599.7439,302.70367
6,232.62378,7.8246117,402.4503,221.68619
7,353.9878,226.03026,560.12695,378.60318
8,215.49283,426.17062,565.3264,434.81985
9,65.980225,85.316505,168.94855,141.0624
10,332.3501,180.54663,447.367,257.42084
11,105.25856,321.84286,318.2085,433.34863
12,312.09824,124.57935,511.7117,380.34235
13,230.54062,50.620193,428.40268,146.30846
14,81.9973,116.84192,519.4486,335.00107
15,154.93736,18.761358,357.80328,24.040346
16,166.51395,110.663994,214.91101,166.8372
17,63.949966,95.40854,179.39484,412.29504
18,229.20647,126.38721,318.3744,417.58203
19,423.38116,40.915203,492.62793,282.03162
20,306.41107,92.704895,400.601,212.8507
21,373.79974,111.93177,621.13086,365.78876
22,289.267,50.833855,551.652,168.47717
23,369.31586,40.7212,600.8255,121.15173
24,264.13214,265.5651,479.68726,269.43304
25,433.43784,64.26556,452.10193,372.75275
26,150.14355,49.512947,558.94946,143.16614
27,269.573,110.68399,318.17416,378.4609
28,234.35886,368.64966,535.7934,443.6539
29,19.256363,41.189976,428.54382,392.206
30,242.57962,197.26979,533.1699,202.42015
31,177.17303,154.70872,425.14508,473.35104
32,402.4657,184.60818,595.8673,235.26787
33,311.07648,174.25864,507.11246,434.78488
34,257.77887,155.93619,278.64957,472.84418
35,584.9623,221.7608,636.2231,385.01984
36,207.68723,145.4288,303.81934,365.3219
37,533.4,16.467018,537.7062,46.94332
38,130.36472,91.30494,322.6916,98.84319
39,484.44003,144.8067,602.55286,144.9315
40,257.0005,288.35306,326.22525,341.60785
41,1.2838745,168.10403,562.09924,399.0775
42,246.92879,146.18994,550.58923,166.32104
43,396.35513,355.60913,591.7919,364.29486
44,150.39929,71.79531,278.4634,171.0188
45,192.15836,124.47023,252.04727,468.8386
46,53.75168,33.685856,102.03129,45.353622
47,583.92535,187.06873,610.91565,324.97076
48,106.51543,84.3768,178.97469,477.91608
49,388.9579,62.10182,541.861,447.85162
50,391.38797,115.898125,393.40094,381.8406
51,46.205444,340.91415,574.3359,389.46124
52,412.83856,59.675503,449.24908,93.51402
53,509.00116,1.3814163,534.0235,83.18648
54,327.27783,205.35611,344.64725,448.5029
55,230.69153,69.99135,613.969,304.20267
56,142.47678,232.19618,442.47772,455.38544
57,547.303,254.00433,577.7651,266.63315
58,121.15559,36.387405,151.92456,266.4509
59,540.769,216.63725,622.917,428.8529
60,185.72876,264.0783,574.9746,275.68405
61,281.61282,167.80354,634.89636,267.0978
62,184.8368,24.889727,536.7134,290.73114
63,157.18391,22.857628,191.4563,40.02222
64,109.21696,22.467098,429.5615,180.86497
65,129.43977,149.62787,503.32245,345.9171
66,46.93241,163.42758,176.42479,330.99017
67,324.279,6.218605,503.51505,422.4876
68,394.40594,65.361244,416.98715,322.66385
69,350.09393,55.41092,620.2876,160.51901
70,147.26086,260.21777,273.72668,439.88818
71,30.347176,57.685375,617.472,321.07886
72,92.81513,328.48938,576.30493,415.23447
73,114.13273,180.2536,505.582,222.95831
74,508.5843,112.85846,533.7523,362.56055
75,290.58136,182.74681,502.3924,329.92715
76,238.66595,127.22194,324.96973,365.4901
77,52.449265,341.92014,635.458,420.23096
78,72.49401,60.82103,334.66183,340.73856
79,266.14044,281.27554,344.88025,423.44977
80,61.62941,181.01875,557.9,197.55014
81,206.56705,104.54498,433.29007,341.39478
82,52.287865,305.8638,167.08199,446.3061
83,32.240944,58.60222,599.0754,252.76775
84,22.970886,20.235472,30.451279,97.02713
85,149.57156,14.9968815,609.11914,49.294968
86,0.275383,242.3416,580.5878,252.1483
87,505.97803,46.39489,529.1192,285.139
88,306.10736,69.05937,504.06754,335.6287
89,92.40402,80.57825,417.53748,201.02351
90,163.50208,309.69034,549.5819,334.70975
91,252.95723,14.14444,500.1924,94.84537
92,107.10358,253.9306,639.0739,281.7495
93,423.85114,327.2765,539.2698,334.38742
94,166.75793,39.50741,332.20648,137.74031
95,38.796616,308.89258,513.9809,321.71698
96,19.772072,28.865175,456.81747,81.889404
97,522.6916,21.135607,536.5867,366.45514
98,109.71645,93.91937,342.32974,166.04207
99,424.14334,1.3208771,430.26715,237.94
100,343.82004,207.09006,441.95218,280.31793
101,144.89627,130.76761,453.96152,411.9772
102,476.41388,75.444374,597.3429,426.7323
103,224.08649,69.28176,630.1745,397.22772
104,264.62378,86.49245,335.51654,257.40707
105,122.467766,69.0089,507.87024,255.10786
106,40.93746,27.496033,245.9096,402.62253
107,339.24866,28.133211,464.31644,323.15967
108,96.2307,125.4483,390.73276,163.50644
109,360.1325,210.32101,488.02338,385.41177
110,481.1385,371.3512,593.0427,427.3774
111,51.015892,249.11928,204.67514,342.32892
112,467.76596,380.00256,467.85834,399.06598
113,229.71652,50.761185,341.2976,334.81934
114,116.575584,236.72136,288.72455,434.45898
115,1.0696793,77.04123,543.5632,393.69714
116,194.24713,310.3415,233.7574,453.14963
117,25.920906,386.35486,504.94077,393.7166
118,428.7648,88.595894,612.9626,370.60953
119,333.0551,263.15292,388.5108,289.354
120,72.148476,314.05188,210.48962,413.65317
121,173.67816,127.59636,620.5029,455.23807
122,26.073914,50.511017,130.97119,231.51132
123,11.169739,84.69818,208.5574,220.50711
124,146.33334,12.515974,347.0,251.7647
125,13.707085,197.46188,317.45224,351.89078
126,286.37,191.42538,379.26807,244.82474
127,231.3165,348.2869,388.9355,390.3545
128,97.530365,363.47177,195.84225,440.73355
129,265.27957,67.33652,394.13834,153.79623
130,156.22795,403.9786,414.20627,422.94754
131,66.00624,354.12314,452.28348,372.87912
132,42.551155,96.77047,496.507,191.83398
133,316.5659,34.352074,580.86774,121.47122
134,537.28986,137.3757,581.912,184.07129
135,64.371796,58.845062,188.05817,160.0623
136,12.236824,47.149742,396.41498,355.16202
137,28.877106,99.316925,534.6002,204.42493
138,406.77493,256.12103,532.87646,365.56232
139,60.1128,303.5209,306.76367,428.5707
140,102.766495,197.45547,170.28622,203.39215
141,18.257675,229.1629,104.0403,344.07663
142,105.07633,420.00305,367.34897,474.89304
143,544.6247,204.90521,563.32996,342.56036
144,278.03372,126.23929,427.99496,462.116
145,350.476,200.94203,399.28897,284.5227
146,18.497238,248.13203,214.00418,441.4569
147,92.15435,29.596224,523.75604,398.55716
148,149.49326,60.89261,165.78873,394.50415
149,425.6638,121.48948,444.7188,178.47968
150,273.6916,400.52023,392.72336,412.05978
151,402.09546,180.53519,442.7034,233.84778
152,407.50842,439.84338,536.35266,466.53305
153,519.1602,38.15383,617.0088,182.02478
154,112.5407,14.283342,406.54388,178.85785
155,187.68623,159.92369,401.78195,265.28073
156,57.630806,41.153786,147.47353,435.28973
157,92.90829,175.2011,243.03775,382.47928
158,230.05399,316.75522,599.99164,393.1188
159,10.218849,63.853912,407.67407,76.694954
160,86.335106,296.9715,292.65692,449.57135
161,1.6892624,205.29994,275.05408,304.5909
162,399.10858,62.936752,466.5842,198.30551
163,253.5418,8.522816,346.8272,396.5751
164,308.56262,164.35838,627.6572,359.34286
165,273.67245,100.05604,284.09357,414.89478
166,281.33255,70.67619,500.01846,471.32767
167,129.10454,390.93066,292.222,449.55777
168,127.19032,16.974964,298.5655,345.83188
169,129.7331,173.83318,220.17749,223.29185
170,33.743782,42.72094,358.2047,99.01434
171,36.01261,101.63884,530.6678,471.98846
172,99.9395,146.34067,555.21936,464.42343
173,460.6097,261.035,533.5012,313.36386
174,428.56805,123.34396,483.7719,477.106
175,29.112015,139.3878,323.96527,358.74536
176,184.84177,33.16043,453.8428,363.72733
177,109.47838,321.81726,134.18033,327.77322
178,278.51556,145.90244,493.62656,194.12372
179,72.44614,194.10193,398.2066,269.52158
180,266.5378,138.59799,342.8705,410.70135
181,138.84708,116.482086,241.35368,135.45306
182,47.59651,3.4393215,618.37354,472.06522
183,318.753,340.87692,454.93884,457.78998
184,298.48004,111.94058,320.69827,268.9768
185,569.2652,8.964529,595.67566,327.01846
186,83.196144,167.3634,237.26608,183.76537
187,5.9326553,125.85923,369.1138,284.8907
188,239.93187,186.55223,618.70996,325.34814
189,156.1364,297.0214,254.37614,374.8299
190,156.51898,63.05643,168.58162,342.76596
191,280.12662,100.1255,633.6808,424.40927
192,128.23517,121.0607,241.27403,266.00568
193,504.57904,84.39174,561.7481,377.08694
194,77.34924,377.0219,299.46783,431.19257
195,64.92008,22.650576,624.04193,248.73433
196,332.78302,376.74988,582.7978,424.94235
197,154.63931,65.296036,435.01205,71.17166
198,49.570885,337.6096,209.1962,389.72137
199,393.99567,291.7849,542.44446,451.6472
200,207.40521,6.443968,535.45074,474.66525
201,72.81044,371.96075,112.596436,455.84317
202,506.65173,324.8581,589.8472,392.20703
203,183.16684,230.74344,208.57922,299.25168
204,192.12894,122.96471,445.17346,290.8482
205,198.63452,291.86096,467.28394,452.1941
206,334.2621,269.67203,561.5165,456.5845
207,423.0362,200.18541,542.0366,443.3407
208,85.47901,182.84193,540.8276,401.15036
209,34.7089,26.827011,485.57498,92.70627
210,36.53843,54.73477,450.4721,309.03595
211,374.9997,81.91372,452.61014,274.29694
212,168.13602,271.5922,601.52625,293.89972
213,393.1216,374.7214,594.83374,434.393
214,497.45215,205.21931,558.2008,304.51285
215,73.16223,72.683426,244.78256,89.078835
216,487.81635,81.79796,614.206,211.05374
217,380.4301,185.63765,586.8388,253.87799
218,94.73793,99.99936,107.26185,211.27896
219,410.47165,327.47992,441.70105,460.1995
220,200.43327,301.32355,610.46735,441.71524
221,245.48123,151.94147,603.11273,183.54475
222,418.41992,114.21813,468.00177,336.1176
223,422.2796,174.32527,510.16577,285.8099
224,189.66718,38.786545,229.84207,233.87701
225,207.59457,29.581089,274.12128,343.41953
226,196.23141,24.308195,518.2618,317.59116
227,178.29727,7.4329376,499.25964,140.50058
228,159.48254,41.23066,287.6273,184.80391
229,87.684364,26.56969,469.08585,186.26959
230,551.03235,327.74533,565.79736,441.66586
231,257.32568,260.26724,326.1065,340.4121
232,225.7114,215.28305,464.5017,295.66565
233,40.747147,4.626503,623.58386,58.97501
234,163.19821,100.14244,443.41107,168.16962
235,109.43066,373.42105,436.45297,458.4333
236,6.8767166,270.18292,213.45596,271.0372
237,291.97647,27.356873,571.80884,365.8335
238,6.0715485,4.3990517,497.3787,464.47018
239,270.98346,201.91066,571.33826,459.299
240,141.89487,31.540604,237.46494,231.97946
241,168.70908,58.309334,306.61456,263.4069
242,326.9928,231.9345,346.47577,426.30212
243,336.1575,6.5273666,486.07684,423.61234
244,46.87622,368.5483,326.4127,390.19864
245,332.7992,92.178665,636.9701,417.5492
246,81.5609,258.24167,415.55035,436.14975
247,313.1181,236.94743,395.5141,434.44687
248,245.37823,356.2253,429.9856,379.14142
249,115.549774,340.94702,469.1123,440.05405
250,172.03468,255.13132,312.58044,459.62518
251,18.237076,205.40889,375.94052,432.12894
252,211.93906,14.799757,369.73175,77.62771
253,58.313065,261.11295,120.55782,383.67706
254,97.47925,178.8516,547.31573,296.20786
255,40.60547,127.77088,114.67701,379.53452
256,176.35632,69.24828,439.27325,411.41196
257,298.99234,7.922516,367.17267,442.73
258,426.88297,222.05214,462.47675,475.35034
259,175.20752,366.9901,490.13184,475.68802
260,275.85843,103.06143,587.6237,327.80206
261,46.445045,13.115215,502.90103,82.87162
262,335.96375,231.12546,417.89777,433.19296
263,76.43112,85.51065,259.80496,149.10785
264,195.96356,288.32434,244.47052,380.59232
265,438.03513,85.85809,450.38083,429.26456
266,268.241,22.21055,551.3831,268.5623
267,194.26201,90.576294,432.35306,207.38277
268,421.23868,47.70198,608.83545,299.5555
269,0.54798126,161.41823,235.47066,368.3414
270,214.60808,18.82327,214.89334,383.61456
271,376.3285,96.14216,522.0035,425.13855
272,12.164078,458.25525,505.26868,468.7188
273,273.95447,176.87244,586.01263,349.6006
274,65.73227,264.24515,89.07333,296.63962
275,173.16983,5.3896523,426.7754,5.88933
276,50.371857,29.250813,486.2958,291.0726
277,8.211403,108.7825,375.8936,140.45343
278,267.54764,51.068542,520.58234,75.83081
279,225.78682,139.67792,395.8155,232.19405
280,218.92174,26.318493,580.2412,126.78437
281,3.3935928,201.96985,579.07495,274.59113
282,179.26422,143.92534,226.49991,432.9665
283,107.28535,401.6055,540.84125,413.0617
284,364.10046,386.01297,512.55225,408.59097
285,297.3904,382.29053,332.90015,476.6776
286,84.60171,26.543884,165.27786,210.32413
287,136.42834,62.426407,473.36902,135.20802
288,207.54372,249.49115,506.116,444.5599
289,522.0403,223.8877,557.21844,479.71225
290,538.2638,5.08029,576.95386,329.5585
291,58.850708,65.83938,499.92426,199.4864
292,299.91577,357.10294,334.42285,466.67245
293,517.39185,255.61145,631.1849,349.99356
294,142.40872,41.95041,604.15625,382.324
295,156.93932,262.80115,545.4636,418.3873
296,90.44712,176.30502,557.3058,423.20587
297,25.854454,225.03302,464.78146,458.855
298,118.73646,76.75604,333.6295,237.34918
299,87.37362,291.12598,466.45966,378.88647
300,117.18964,21.965246,540.0872,331.21014
301,498.15292,2.3670673,575.3224,294.7562
302,337.91153,391.96634,424.47598,423.99646
303,163.42392,209.65413,209.12979,389.2128
304,198.49835,34.991455,336.56213,288.24576
305,14.886856,50.95668,549.3679,474.91028
306,241.5802,205.6287,611.9579,336.41196
307,94.90879,398.4153,393.57983,428.44827
308,175.40936,270.35672,483.8866,324.21667
309,243.74158,24.603739,278.9264,184.8228
310,237.89844,98.93197,392.0346,337.97977
311,436.92664,149.81706,457.8933,439.87976
312,245.56506,423.43057,582.1851,479.0048
313,83.99082,55.84631,94.283066,97.414566
314,15.049667,397.50156,318.83527,459.9385
315,37.378426,272.6841,50.71232,408.47147
316,69.23885,341.34024,354.0535,354.8275
317,476.7528,93.98678,486.33673,366.95193
318,354.6216,16.80811,582.0413,172.36388
319,390.6194,264.5561,588.462,377.64282
320,63.02391,65.309746,230.33466,185.12979
321,90.009766,53.183067,168.49103,111.962555
322,26.237793,26.543312,147.80078,373.25974
323,30.136185,110.5923,613.0219,237.48288
324,202.39255,19.492321,249.15527,252.19789
325,204.97665,165.01236,438.30502,474.48755
326,155.34879,388.62302,289.19714,466.33572
327,348.44946,108.552704,577.5679,278.27847
328,387.00427,375.4168,452.3738,379.8702
329,292.6718,40.349636,605.24927,318.7457
330,317.3327,44.35089,426.44843,203.94522
331,399.5187,4.9623013,446.416,19.382286
332,133.6219,94.06654,415.50006,401.10553
333,221.33899,258.97482,397.2672,398.81772
334,292.47348,3.5543346,496.44778,431.31097
335,110.45845,344.02237,570.3329,375.6148
336,218.1105,305.27728,454.25946,335.15268
337,267.3485,50.563515,291.32755,64.60728
338,214.82617,371.65118,415.59265,376.18448
339,604.75836,265.08868,626.9546,303.91565
340,126.92337,129.17921,329.1106,344.88864
341,57.12948,65.20927,425.31674,328.09894
342,70.23544,51.820908,573.1397,402.34952
343,32.13745,6.7193413,33.71338,16.298933
344,97.86457,11.058311,553.1908,227.01482
345,117.82749,191.07454,490.13757,312.28195
346,24.012794,307.9737,103.174095,376.2461
347,151.03452,321.5215,231.34781,417.14856
348,174.14996,54.469902,323.34396,315.4557
349,208.17474,336.2355,367.0715,362.66776
350,207.89914,74.53648,539.9136,298.89597
351,5.0972366,314.4003,476.15717,369.01962
352,260.57388,256.62177,394.80725,407.81747
353,234.00803,173.64844,384.31232,402.93402
354,171.03146,235.6479,183.60397,256.53238
355,34.90509,175.352,198.96222,344.2875
356,99.59164,381.32187,437.3021,424.76636
357,263.71945,83.4658,332.43347,479.13574
358,257.01617,37.653664,426.12524,448.30417
359,502.89352,192.97151,535.67896,293.08643
360,10.36293,179.31192,371.97177,207.47429
361,412.19058,427.3717,503.77948,445.40396
362,74.29478,178.19263,638.33246,466.5025
363,41.169777,253.22931,213.90099,469.84955
364,109.9062,122.541016,319.2605,374.69223
365,217.9674,214.25363,605.4678,227.02354
366,318.10706,17.461538,590.1476,158.59406
367,252.775,18.525724,391.73975,454.8804
368,105.33562,113.90994,588.17694,230.60495
369,87.772865,90.23689,609.8915,199.83679
370,201.73866,35.308655,637.8677,474.5976
371,390.60205,25.748463,491.04834,298.5146
372,308.5722,297.6187,341.9832,377.19977
373,145.11482,208.8333,528.3806,448.4704
374,522.9971,302.35626,561.4137,450.75696
375,286.6867,211.64003,512.43335,234.48126
376,474.4778,170.83434,587.91754,297.2152
377,535.74945,49.1278,544.4606,379.45154
378,125.49709,76.38931,139.9661,369.254
379,157.68756,75.85693,416.65726,323.56454
380,101.40446,13.299866,101.56696,172.73329
381,8.962021,363.73743,199.11568,390.74994
382,124.57607,96.10124,375.41498,429.62735
383,337.53925,10.530081,476.62125,443.3255
384,44.21135,10.175543,584.5666,398.87213
385,106.20281,67.57038,624.7724,429.09683
386,95.67158,16.787767,535.64734,380.26202
387,249.26251,52.240875,557.6086,132.96246
388,346.8216,388.17157,474.13638,426.32095
389,12.358818,103.90405,631.21326,304.50046
390,206.39539,290.85605,519.86975,376.40665
391,100.49957,331.2808,437.11365,344.44153
392,251.48102,40.35121,411.5157,294.56995
393,62.606087,37.672462,224.82867,433.387
394,74.61319,436.57587,81.22585,444.3434
395,96.97376,351.09235,365.97992,409.3546
396,210.59985,40.96447,303.0623,74.47681
397,0.6641388,289.62146,599.02313,292.09305
398,151.56451,9.784756,427.23557,143.09889
399,156.53317,238.27583,173.47267,426.3017
400,411.16748,161.09119,595.938,476.15228
401,134.15347,13.715944,615.57275,469.8543
402,53.869057,204.13272,520.9198,451.0884
403,169.07162,27.193308,454.3825,357.83096
404,124.382935,72.205894,158.6278,113.19191
405,158.64937,164.90996,412.83807,259.0794
406,335.71924,161.42104,553.45667,478.15585
407,416.31058,99.98031,497.93106,321.69507
408,122.92545,261.07285,150.1222,376.42062
409,424.60425,120.175896,454.2901,438.67352
410,270.01694,128.01694,624.98663,453.4957
411,6.384926,326.36575,174.72888,431.28412
412,382.29376,51.485767,511.89206,412.77484
413,512.6081,219.10243,610.0045,417.73483
414,65.90744,317.86737,614.9258,341.3681
415,389.02563,86.50537,493.5421,190.56439
416,12.530823,224.27081,393.45618,269.759
417,256.94482,203.60233,412.2256,379.49866
418,306.6951,47.35714,515.93097,429.31482
419,245.40459,136.538,600.1861,165.90349
420,111.67774,162.73364,152.8844,350.12375
421,446.82422,282.99017,616.42566,289.009
422,484.36276,75.545,550.4656,203.73648
423,101.01963,142.69438,352.98297,306.25363
424,65.98492,35.23796,151.99997,49.11229
425,520.0524,211.07257,540.5591,269.0165
426,288.48843,224.37115,553.421,439.38174
427,288.446,320.93112,363.87576,322.3226
428,481.43405,439.74442,489.27457,468.06467
429,442.93137,24.603481,599.2652,411.06815
430,42.7977,322.57864,444.22748,472.68692
431,245.00084,102.95775,361.09512,309.4561
432,481.31168,164.50502,507.59253,184.89745
433,97.809906,169.6821,107.05734,465.39227
434,189.91348,234.51828,484.9298,404.32553
435,271.787,62.638863,376.1725,184.79762
436,196.67397,251.47221,212.51178,373.63193
437,82.55131,164.94978,330.12488,198.4004
438,446.09253,190.47655,615.96985,221.31094
439,398.78296,5.613785,547.6449,427.82605
440,69.64596,302.91196,246.6753,411.86575
441,33.88954,13.999987,399.71094,132.23822
442,551.10516,260.27502,590.98785,314.73743
443,371.31183,59.822845,613.99084,304.47278
444,296.04202,176.56757,510.81244,436.74997
445,142.48105,109.56639,163.61362,310.20743
446,69.79435,124.57884,556.17505,414.43127
447,294.3144,67.699646,562.47687,71.52091
448,554.9437,76.04596,584.9566,392.3628
449,272.19638,177.0672,373.6621,367.8458
450,41.60328,137.69139,469.82922,224.62659
451,461.83377,44.73936,562.62646,200.14536
452,63.945198,193.85846,321.60983,425.02338
453,232.02362,78.68323,290.79526,282.10495
454,215.1517,353.9479,255.13394,470.9843
455,102.761955,143.49564,527.4358,456.4679
456,234.01558,119.1661,629.7605,213.0306
457,128.80542,155.64165,475.2625,299.13138
458,170.05542,130.31567,287.93607,403.65076
459,482.5694,99.109955,627.0066,470.6676
460,158.9788,211.02113,393.73956,313.53763
461,241.45245,163.48788,380.92868,375.80374
462,82.050514,189.0576,100.97973,292.48862
463,92.33456,32.269936,351.57477,250.72893
464,135.9423,87.95963,524.7544,289.5344
465,507.02814,41.924572,581.5322,130.40692
466,247.84909,300.65152,323.85815,408.88556
467,135.21965,203.64104,217.79575,278.8003
468,294.37512,131.41368,449.9749,219.73755
469,346.47598,293.04648,467.40656,473.6378
470,112.14653,166.51762,356.59653,438.44614
471,192.4223,213.00757,255.7034,253.27371
472,73.03211,155.78436,200.46272,264.09088
473,420.9926,47.854843,444.03467,105.4406
474,149.69388,39.07053,207.66202,289.2357
475,73.3205,40.304432,383.866,278.4993
476,27.856407,35.540627,631.5019,158.06635
477,185.02037,50.276127,584.271,209.70071
478,393.32434,250.85208,448.02658,454.9571
479,5.270958,321.06485,593.70764,336.07013
480,30.180893,123.69304,94.90761,200.85196
481,270.84262,150.76413,283.7015,292.049
482,72.20867,75.424515,211.90189,479.68533
483,54.84722,28.81774,185.91377,69.66153
484,446.72806,17.931776,473.9449,161.81476
485,5.8390427,172.80173,579.69226,412.94153
486,15.05661,107.76578,558.3269,457.77277
487,397.7412,76.83257,610.7846,258.91602
488,68.25241,195.85962,267.45456,213.72348
489,8.309097,24.859486,603.8783,190.14401
490,97.78614,159.32831,431.50546,352.1936
491,397.72598,26.12194,455.5821,158.81653
492,201.38455,203.46101,570.5774,272.35254
493,86.1491,234.51926,225.56618,446.76056
494,340.3332,210.75789,490.8542,303.18533
495,248.45004,156.20155,538.2707,293.6008
496,131.93306,284.1419,255.34161,473.54285
497,362.01343,101.84197,434.1139,371.91144
498,28.594666,135.48692,492.65668,296.41418
499,502.0959,347.13303,605.4493,475.6609
500,107.57233,28.05562,464.80038,66.17297
501,144.52095,54.66262,607.39465,114.80965
502,178.49922,10.570822,305.4272,182.70892
503,24.875565,189.55827,272.1425,299.73083
504,169.58768,219.09737,262.39532,237.94455
505,341.2669,308.3879,419.72894,392.80746
506,491.25696,141.0863,568.1924,187.21613
507,96.93279,50.449905,501.84943,353.6181
508,447.69873,328.7884,593.8496,418.23282
509,290.103,72.32764,590.2723,116.999756
510,121.47049,247.71689,354.03192,415.9338
511,487.1474,472.77673,525.83923,475.37677
512,12.026291,20.458174,276.40454,465.4588
513,323.95044,120.541016,448.92767,428.31992
514,588.50757,103.407295,613.3735,336.28363
515,57.071,150.2586,393.96985,357.19275
516,417.33032,59.261368,440.78394,119.10819
517,99.664764,40.148678,155.90488,163.82146
518,457.63455,283.99237,624.01135,466.62115
519,274.70035,5.3423023,428.807,438.96542
520,301.63773,191.14279,365.96683,214.80272
521,244.73473,148.69246,290.68118,378.92194
522,242.94131,19.912977,619.8325,228.56592
523,2.856636,103.35265,484.5702,220.15536
524,348.38556,397.23557,482.92038,428.98618
525,148.66406,197.94946,288.79166,371.51663
526,363.29617,95.224976,545.38477,335.48148
527,200.0148,379.83167,615.5799,473.12173
528,511.72824,331.74017,596.99445,353.7638
529,155.79285,56.482857,165.57391,359.46448
530,193.09634,174.37491,574.1554,474.44775
531,104.23077,333.57108,477.7518,382.05963
532,23.854637,78.577995,587.2561,376.9114
533,185.5207,284.77255,622.1793,295.68716
534,98.15792,77.083115,322.0778,293.35178
535,239.23782,135.51373,534.1157,317.6122
536,285.58514,47.02088,443.82123,475.18365
537,350.8697,110.729996,577.08374,464.47705
538,588.66327,204.06755,595.7014,328.48813
539,464.96234,123.23155,535.07635,382.00812
540,430.37274,286.30814,500.75403,410.92004
541,425.027,321.49622,573.14844,462.0391
542,299.77112,13.153954,532.0552,363.69385
543,486.32086,258.27286,627.2598,339.89908
544,259.2477,35.27893,316.26404,245.84825
545,47.912064,257.1735,232.04944,456.99924
546,323.66333,302.67877,618.4881,456.14536
547,264.39795,7.578621,340.7042,379.21835
548,151.46396,4.037733,182.2096,317.84113
549,0.69446564,66.79161,445.90472,354.3525
550,136.7849,39.40481,318.88324,88.61844
551,296.12317,33.985806,619.37036,463.67722
552,13.772545,130.12445,391.32202,446.01413
553,57.717552,158.84969,313.13553,211.32281
554,243.78949,344.3517,628.58606,475.46768
555,40.62496,167.65363,122.064896,256.3871
556,155.67715,187.28574,284.20636,407.79526
557,176.34033,346.9259,493.00186,424.04788
558,432.32803,113.88153,557.97656,126.01453
559,53.096848,370.15256,405.84964,402.13162
560,159.80853,90.91432,181.49979,376.48444
561,98.20118,67.441895,444.11227,71.39926
562,94.26296,291.40646,389.94382,376.80508
563,103.55854,202.1383,554.02673,338.96115
564,336.08182,57.973167,546.06726,375.91647
565,90.13355,175.24492,617.1178,296.02084
566,468.1159,105.93884,475.13147,286.50037
567,313.74936,250.4397,603.6947,421.5727
568,87.91988,60.601845,358.50665,319.3959
569,231.85483,115.20172,239.94876,159.69922
570,137.37686,29.075174,150.3843,137.14691
571,285.18466,185.3716,624.78107,253.7923
572,260.29697,117.27874,453.6569,469.07498
573,267.80307,266.5295,420.38824,289.5635
574,514.27716,91.67424,532.2304,193.8202
575,126.026726,10.558748,416.19446,193.21266
576,136.9971,50.246544,474.1377,81.31791
577,452.9985,250.10909,499.07468,436.01743
578,113.28022,91.04347,192.40692,219.59276
579,101.24855,299.99368,315.56537,448.78775
580,102.95132,257.5374,198.10635,449.87045
581,207.94167,9.41577,618.14465,81.02883
582,1.7657852,33.174763,536.9749,172.22662
583,594.6529,73.84323,639.5102,98.69926
584,31.070175,370.2194,233.41026,420.57318
585,402.07166,14.187727,510.8101,471.04736
586,251.57,213.60764,616.09955,475.1823
587,94.63074,168.65175,374.15176,277.9946
588,460.55103,82.54286,473.11432,144.11296
589,189.56326,104.40785,297.78885,358.2867
590,166.17047,188.70496,630.5045,312.16104
591,197.0422,58.210342,355.36334,127.867325
592,155.55084,166.66182,488.96234,479.303
593,136.76028,85.3959,418.56076,282.4189
594,358.61758,87.41189,374.9348,401.0172
595,1.9985199,231.93443,588.9639,294.8518
596,236.79176,138.27438,505.00928,224.55508
597,173.3244,140.56375,239.71295,377.38406
598,13.676834,226.79741,126.78276,470.75113
599,0.63274384,97.95024,61.528854,155.71848
600,105.9779,383.85498,602.74347,474.30017
601,312.82245,145.0399,333.02502,187.73886
602,113.02822,157.67107,542.4883,204.57639
603,344.90964,320.3733,349.6518,340.96567
604,107.29378,327.90628,134.01883,457.3689
605,12.235451,261.35397,66.74328,339.66165
606,68.0106,107.992516,313.78278,182.58865
607,18.799591,384.50156,150.24799,385.53012
608,120.73742,389.94745,571.9231,446.75467
609,176.694,153.77718,328.05298,278.1964
610,165.8625,181.2562,550.9319,455.48593
611,18.420792,62.81679,177.36382,429.04843
612,16.222,410.23032,199.95247,411.10693
613,61.475143,110.601685,547.6778,400.10095
614,566.7604,334.33856,597.16425,384.43683
615,31.026878,14.473343,161.98148,137.56131
616,422.23648,230.63135,496.11548,231.3124
617,547.9701,206.80458,578.6721,274.78787
618,108.95252,139.52705,139.3706,473.12292
619,356.1853,34.267445,584.77167,343.29184
620,36.11992,306.8599,53.132477,314.52322
621,176.5527,168.1485,511.42105,291.6598
622,526.2725,86.93261,559.0695,91.05769
623,3.6499405,218.21114,378.75098,332.90875
624,387.35486,221.78879,459.5669,432.64612
625,417.91028,79.38257,580.852,324.41962
626,354.2593,300.24356,494.1385,308.1444
627,347.59366,16.215563,587.7809,197.82777
628,429.99344,124.03041,628.07263,320.27975
629,373.7695,31.773005,416.43814,425.22144
630,65.96146,230.53479,138.8646,291.20508
631,64.1695,150.48952,150.66063,273.86514
632,135.0682,98.71817,390.96146,457.02588
633,30.169525,55.781307,121.15044,312.3745
634,278.93185,55.92779,536.1982,327.8809
635,131.45966,353.17395,620.7809,394.98297
636,48.78193,198.78162,525.85925,266.89557
637,387.48535,95.05606,519.2759,266.74103
638,108.71658,55.78331,500.3038,76.14284
639,390.4167,244.91098,586.37006,475.2218
640,320.47052,18.376179,482.4373,180.39809
641,180.77167,280.98923,624.16986,337.12265
642,39.85798,31.48779,639.2557,108.73195
643,468.487,175.91083,506.67386,420.54962
644,324.07178,84.64577,525.5936,182.01651
645,20.731773,87.277054,528.53955,368.01978
646,136.55586,10.103388,186.90036,71.795364
647,72.34444,127.44819,528.3522,350.67697
648,177.49771,51.30458,426.26523,341.26788
649,370.8408,118.73952,614.0808,145.74744
650,105.912704,78.54661,381.63528,141.55698
651,323.573,40.01976,443.94037,442.02686
652,194.07204,234.58002,195.11757,295.78384
653,6.250305,119.41469,14.213905,371.1826
654,150.32443,22.959652,387.0677,70.65113
655,549.8462,167.3548,605.9765,452.89197
656,164.13531,33.015434,528.6898,416.788
657,2.1567535,209.7989,239.95934,447.14117
658,99.001236,151.623,561.29034,225.53424
659,231.32327,41.79763,323.03455,91.06836
660,72.80258,61.687717,373.56766,385.9095
661,162.39017,101.33246,516.59357,406.68314
662,318.3934,16.165009,329.37598,204.02106
663,567.99854,295.39755,607.5234,309.28015
664,63.21266,155.42378,111.771545,210.83261
665,297.97968,9.518394,533.20056,386.71823
666,207.81448,230.12856,486.4105,284.6106
667,64.85218,104.13105,275.88702,371.30008
668,269.1883,171.73233,631.12476,376.6882
669,326.28232,92.61466,427.29245,137.85716
670,109.010506,104.27467,212.03244,466.9588
671,280.2391,406.46317,595.0596,458.35535
672,452.7979,351.1006,524.3704,386.1531
673,121.25988,364.88623,136.3335,440.54633
674,466.3451,282.06555,565.7161,420.29932
675,51.20632,15.944967,260.15405,298.31445
676,301.83932,345.9924,466.41254,374.05908
677,572.6146,85.48462,601.96265,361.12747
678,128.67038,147.18266,254.46442,178.2284
679,129.86168,199.06242,194.02702,231.07996
680,175.07108,42.625294,232.17404,253.9327
681,296.75092,137.56842,570.41876,435.43015
682,216.66928,58.944595,443.83887,474.67453
683,61.7371,25.863848,171.3121,71.64262
684,184.47784,229.19083,450.43634,342.98746
685,104.61033,37.440636,324.5562,458.54187
686,216.82971,108.182945,478.72076,129.2288
687,43.542595,166.86781,87.731476,170.95105
688,504.83182,215.87383,632.5214,417.2818
689,382.16138,327.2632,481.76575,447.11722
690,192.43141,151.65605,532.27454,420.94348
691,196.1866,75.01605,476.10254,137.65445
692,128.42175,125.92023,310.4576,398.8963
693,205.12317,48.171444,511.66718,249.37242
694,185.14203,14.890108,544.8524,230.06676
695,339.1277,9.0798,363.0783,472.84778
696,286.77496,259.65335,604.27954,281.95193
697,183.3464,412.60638,433.849,423.88455
698,317.66113,171.63577,356.02356,451.76645
699,360.35748,238.73242,572.5083,271.20206
700,242.82135,400.7472,449.56985,443.13354
701,259.37,206.3322,304.45126,406.86905
702,59.01127,140.0887,191.3974,216.41794
703,234.1803,81.285324,244.44293,170.193
704,402.40616,382.64844,557.6658,407.01624
705,272.66583,374.84485,469.35815,457.30246
706,467.25067,411.14343,467.93158,464.70004
707,513.6026,219.57962,568.4379,319.06317
708,11.810532,357.61328,324.12793,467.6954
709,6.0472107,298.6965,422.12906,322.1444
710,213.65059,320.7417,524.09296,332.93677
711,132.75406,314.2352,142.384,369.43716
712,334.2592,55.71273,489.1089,380.7234
713,399.1174,44.84931,399.29083,137.21535
714,15.231209,224.12233,85.9626,435.25607
715,373.63885,262.2192,606.0499,318.33243
716,30.489693,118.16878,451.26855,422.42883
717,367.57446,53.614826,406.74084,243.41129
718,535.864,303.76358,631.91516,398.53958
719,213.97667,288.50204,518.74744,454.9741
720,23.678589,150.08635,44.952545,313.52554
721,373.05658,327.1835,578.5707,396.33844
722,238.4927,88.7897,486.39545,370.24792
723,103.6433,131.03194,150.33109,340.1708
724,77.89806,83.569305,489.2973,376.27087
725,353.0214,65.732376,488.28625,90.97667
726,337.68112,50.994728,485.00208,448.31067
727,417.98047,115.30649,592.86444,160.31345
728,170.41263,190.54541,421.85425,243.48944
729,348.00916,5.476141,407.5442,24.711885
730,127.9538,247.76553,541.6218,402.41983
731,383.65485,430.6869,576.8584,454.47992
732,26.255112,2.1386433,506.8708,141.96931
733,366.36356,266.6098,537.91406,437.44577
734,333.40787,11.397686,460.9917,134.87878
735,226.92151,95.40931,513.7005,99.90363
736,34.417114,0.9490299,44.436417,270.40652
737,67.070045,169.93137,445.58652,218.90851
738,291.07678,169.72546,335.014,342.72977
739,187.92664,131.38724,341.5837,463.11035
740,18.687744,34.016018,74.86,426.00537
741,245.39517,247.07233,390.82214,265.88766
742,482.87024,400.8744,531.64056,446.85767
743,245.10297,124.07098,599.8911,373.21368
744,260.55927,71.24637,326.85864,284.28012
745,176.48044,74.34697,519.64185,155.7114
746,222.77565,31.497145,252.36176,445.05466
747,563.8627,66.56905,581.3613,423.2231
748,222.32205,63.02659,225.4374,337.9118
749,420.63614,332.07776,455.51376,378.41885
750,553.2984,280.4599,610.4164,410.75134
751,183.143,254.93051,635.0535,366.0176
752,321.6468,374.16986,604.13574,467.46097
753,215.02014,18.925152,439.9953,471.88245
754,90.62416,245.99542,149.46564,277.13974
755,410.27478,133.43062,564.61847,457.9502
756,531.04663,187.75429,542.777,219.22574
757,42.10636,93.71756,499.08386,122.707184
758,47.133827,20.265455,78.35846,184.53775
759,232.96944,8.846855,534.96655,23.157349
760,153.10925,199.56424,589.53845,279.31415
761,163.19171,0.27889252,256.2345,302.98895
762,228.70598,248.88782,234.72339,477.36517
763,35.13073,404.59653,503.02936,408.97464
764,222.8257,180.14746,567.2471,397.80667
765,194.36328,261.6246,537.88135,332.5211
766,394.84412,110.723816,420.09265,251.9679
767,458.27032,217.40044,606.3605,371.27734
768,533.33527,132.41913,600.2512,287.49533
769,315.81305,282.06308,384.25574,378.24066
770,376.14612,197.7796,440.94495,343.35092
771,109.55845,431.77945,433.9551,467.56052
772,90.28652,115.247986,559.22723,274.82278
773,88.03753,316.57263,277.25458,327.86972
774,37.712326,117.791405,460.10104,441.39438
775,83.19824,30.98422,334.36835,127.51064
776,280.13367,245.23627,397.242,409.93643
777,339.9316,59.39432,535.1094,115.77341
778,54.7921,44.203262,134.76677,398.23672
779,169.98741,187.44061,443.30603,371.27454
780,165.74207,59.92447,568.70996,284.1964
781,196.2041,119.10161,516.3577,156.08551
782,437.523,85.87452,552.2137,462.7215
783,163.2651,23.907995,632.40894,362.0423
784,50.89466,82.23064,252.27745,90.03665
785,432.9575,25.797815,627.1971,160.32234
786,294.53082,85.561325,400.0313,459.3393
787,252.63806,78.39827,358.66147,299.88776
788,31.307945,41.650284,223.78049,229.71529
789,132.9924,282.76703,321.02173,340.3447
790,25.324974,350.85547,587.92426,443.6795
791,416.07782,86.59218,448.3691,383.95612
792,73.24917,216.32217,219.79962,396.23236
793,244.9284,120.19607,569.7854,424.23734
794,196.50414,250.38332,484.91113,269.54218
795,130.28516,51.749783,536.1158,183.60434
796,401.2131,228.13411,511.39194,313.55685
797,26.1977,316.3444,600.27563,370.37543
798,162.38693,83.34935,269.2727,383.48026
799,636.88043,340.89703,638.0407,382.97983
800,9.194679,83.34363,545.1411,88.90328
801,214.70924,10.893116,316.5545,361.01416
802,103.3794,83.38706,514.8074,408.49533
803,161.92963,56.871445,362.40494,211.44977
804,301.71567,192.59357,373.60703,214.01488
805,160.66776,247.50082,225.069,300.66022
806,8.799362,84.82681,574.17554,144.87135
807,97.26959,46.942406,534.19995,337.88284
808,327.96768,392.69293,488.3963,466.82104
809,39.376297,120.220985,628.70996,202.31052
810,287.45,314.2806,624.93115,439.2985
811,237.72937,244.05173,317.67694,414.57208
812,147.52884,190.81546,427.37808,348.5165
813,92.73014,144.05486,316.56866,389.33835
814,48.705673,226.72986,352.122,367.66833
815,48.152428,263.10507,618.1658,305.53186
816,103.82488,283.4266,311.88205,461.3975
817,197.13463,63.754837,389.31198,114.04375
818,224.33662,98.95686,489.4525,167.0702
819,151.17424,9.671946,309.51678,104.80322
820,98.98613,54.063206,497.82254,170.72845
821,222.23526,53.268097,526.2977,381.655
822,226.65627,115.10662,358.9598,370.70975
823,500.21304,434.8674,516.20746,454.5027
824,336.26422,122.65328,344.05167,348.42383
825,62.717438,23.360252,85.39787,478.65115
826,18.023033,146.87213,504.0709,459.20624
827,159.34848,201.93875,254.42116,475.5085
828,15.5119705,341.30865,247.25558,423.80167
829,141.0601,440.82535,390.23746,445.7577
830,399.43802,350.53745,616.19196,454.32712
831,361.695,313.01968,550.84937,442.1139
832,220.75528,307.33865,449.31854,376.2438
833,411.8074,11.689024,464.39587,222.89961
834,291.76154,21.746092,629.2504,256.23184
835,441.5948,95.108475,482.90665,124.07444
836,329.1317,207.42224,475.42242,260.97568
837,290.8112,28.840342,370.95258,263.59528
838,182.65472,148.37955,486.70782,299.88437
839,488.34933,179.43744,505.28073,324.77722
840,264.0863,129.29008,338.5226,242.22401
841,386.4462,91.8786,388.48352,176.0252
842,151.09982,1.2567043,162.39307,263.5331
843,187.94037,100.1241,366.22986,331.31586
844,321.00644,38.988846,511.28558,173.87106
845,64.901276,226.33936,289.6756,294.1622
846,255.59837,8.717279,322.48175,24.948378
847,69.889755,224.84344,367.53912,475.23856
848,425.61987,320.92,548.0296,329.74762
849,0.73158264,276.60532,54.234467,359.55585
850,237.36691,26.860056,351.70673,31.468449
851,162.11902,298.27716,443.7433,363.95847
852,183.29308,55.03083,194.23904,184.48174
853,363.45837,298.7134,448.65585,423.66565
854,394.5996,279.9614,443.80466,464.58206
855,475.68402,417.54175,506.92676,446.14798
856,364.18805,407.83017,422.30923,416.35043
857,245.63504,267.8077,351.734,465.50668
858,199.62802,241.23962,508.19962,341.05304
859,537.1483,251.40819,579.70306,453.65414
860,342.02603,145.42746,344.49173,348.189
861,375.34637,205.34608,554.3495,287.20877
862,90.14164,146.9983,525.08215,181.217
863,45.317307,26.347876,531.72736,56.483086
864,360.1209,89.51503,407.67395,262.55576
865,45.94513,19.681606,287.24316,99.55029
866,366.66718,369.04932,394.6151,458.93854
867,185.26898,386.2544,187.1034,471.81882
868,433.39264,84.196556,564.63226,293.75757
869,235.48073,280.85498,491.3641,344.9068
870,169.69547,294.06256,519.51135,465.63184
871,16.640778,43.138447,245.81741,462.4909
872,20.516281,97.248314,313.54062,218.77153
873,185.52963,19.561901,380.78516,22.202139
874,92.28985,1.5132523,602.7779,327.1213
875,106.5604,110.06896,162.6431,447.06705
876,178.7073,219.82207,206.02615,444.0074
877,455.60214,110.25684,560.4436,346.6833
878,201.17294,48.18721,324.47455,371.63986
879,482.24188,72.32377,608.22363,255.27737
880,33.890877,13.748188,133.42511,403.90115
881,211.1219,125.20901,382.22885,336.79065
882,19.493065,181.33942,287.9925,432.05466
883,407.2826,89.22143,638.4887,393.6691
884,538.8241,51.126564,540.13794,342.0009
885,284.90363,17.792044,561.33185,467.723
886,16.962395,130.01492,348.88562,470.74033
887,378.13593,178.54614,510.90622,324.33472
888,243.88428,6.660576,304.25565,169.03052
889,14.952164,112.33197,107.00039,319.6542
890,266.75037,117.42273,297.1728,218.88882
891,235.53073,109.395615,351.90533,342.98602
892,110.30907,190.21307,336.34738,452.57718
893,0.22277832,213.45883,211.65424,216.96085
894,508.10968,192.40553,564.11816,418.65036
895,500.11206,304.1454,638.3836,309.00998
896,71.20228,223.34277,531.77185,413.59668
897,71.50482,243.26326,195.53627,452.96725
898,396.97607,51.223927,529.8219,472.1065
899,4.154854,156.2835,534.22876,374.28076
900,254.70197,401.83804,474.7501,401.84586
901,207.2567,116.0846,228.7366,236.01758
902,114.933205,256.43588,219.17953,321.26126
903,321.87808,197.06409,423.54053,463.13254
904,146.98654,161.06747,454.33856,308.61053
905,24.653091,104.03947,106.64799,360.3945
906,285.71436,84.69163,589.5979,442.0288
907,115.84194,112.12661,133.41464,433.03928
908,219.94342,301.59222,501.673,350.8752
909,30.230408,135.98279,573.72076,455.72937
910,296.96915,158.15993,419.85962,468.74048
911,116.075745,33.07274,562.08264,459.82935
912,104.445724,178.45436,185.47559,385.78253
913,85.51571,307.0266,545.8746,410.00372
914,261.1989,438.0019,393.12225,450.41534
915,517.8196,155.63445,535.1577,409.711
916,223.62384,141.24847,310.168,303.83215
917,126.28628,184.75233,353.33368,288.61404
918,116.06922,164.47229,475.51746,347.9444
919,256.83826,9.78281,311.44058,239.20123
920,145.39508,209.97943,427.89706,463.34772
921,278.47754,73.44901,367.97656,184.52293
922,25.24273,14.450283,321.37927,211.88387
923,412.81964,46.041786,550.66833,435.82492
924,488.09656,141.90828,516.59174,290.4868
925,177.17044,280.0906,587.22235,432.6811
926,310.394,365.93002,618.1795,474.28043
927,54.90631,18.906784,179.4566,391.37863
928,18.797379,214.0083,364.80255,234.9531
929,91.19705,257.2419,94.14295,372.75552
930,100.20306,305.32892,322.70596,465.2824
931,111.79199,26.679382,511.8908,246.84232
932,496.0153,275.68713,614.4511,392.6236
933,342.4118,156.36508,562.4057,184.26138
934,171.00131,227.51344,225.73746,270.6644
935,184.67972,418.2115,631.18085,435.42606
936,343.1759,35.539856,568.1733,449.52338
937,528.99786,126.43905,562.6678,448.36816
938,237.81055,260.69565,304.01758,409.83835
939,382.24545,10.248756,423.313,423.21558
940,176.49326,445.89893,361.24603,457.49792
941,31.42582,197.33339,226.52733,275.41132
942,464.6919,19.389725,601.8262,433.00867
943,26.14933,76.236305,596.8037,190.35977
944,157.5396,299.70367,532.35803,372.1143
945,52.759514,310.35355,193.24023,360.56485
946,39.045753,163.21172,221.01524,166.15277
947,73.31337,127.68651,415.7327,305.7875
948,242.06596,295.14722,518.2429,432.8288
949,112.1537,234.041,532.5831,380.43527
950,192.14542,229.67485,233.64993,346.9409
951,259.92664,27.019787,372.062,378.99658
952,34.3338,185.67699,64.46678,473.95828
953,51.62628,116.18331,471.52676,419.74066
954,479.74738,226.95619,591.9974,237.64146
955,190.37747,182.81688,205.84943,469.65952
956,549.11017,97.271774,625.2594,128.37996
957,153.38498,97.247604,569.6221,210.63649
958,521.4779,16.858292,592.8889,30.660524
959,341.1688,196.90881,413.4964,416.16592
960,48.581734,415.60248,191.2309,430.73196
961,608.0478,225.92259,609.6281,332.27032
962,67.52121,140.15733,380.8438,248.10416
963,247.32452,315.7036,559.53564,392.56393
964,101.164246,223.63802,310.81784,268.98428
965,99.801025,142.84927,355.5758,222.16772
966,49.82235,42.774296,65.907936,106.595535
967,150.24997,214.25386,365.28693,362.45834
968,359.1167,186.21149,476.8114,240.83005
969,55.831604,127.21504,513.641,463.45624
970,46.08883,282.68045,514.32416,414.99188
971,365.327,185.05348,461.77612,407.365
972,80.90023,131.7264,420.7158,397.11646
973,523.9414,7.678585,526.47784,211.48813
974,133.58417,19.184046,143.66238,353.936
975,400.86514,3.6550426,596.02795,355.39694
976,30.066376,281.4913,555.4262,299.40945
977,90.34641,195.08214,393.33032,198.36465
978,191.18744,304.77087,409.15558,439.26636
979,334.41565,3.4661293,436.79694,44.927185
980,125.85194,95.43643,377.7145,349.11646
981,165.67009,129.87148,250.57983,330.65283
982,348.9578,72.90845,363.94324,436.37634
983,229.24362,41.22917,284.08112,118.82752
984,100.05394,89.36694,155.03235,123.445755
985,52.112083,141.99312,61.544533,389.99744
986,363.60294,45.75345,591.75726,169.9815
987,49.701195,238.42169,505.18994,374.50708
988,75.34641,142.14766,196.68195,447.0791
989,479.84326,281.62674,617.07605,422.76056
990,520.971,79.75482,616.0582,414.10522
991,145.47672,176.79823,529.03064,432.37885
992,389.28146,235.1667,392.398,380.1819
993,67.47093,24.932928,280.7394,156.9275
994,9.256439,116.25752,120.13157,175.8478
995,256.4723,0.37456512,331.76193,30.043688
996,578.2813,252.2503,612.00604,306.89233
997,352.07532,92.21543,541.0856,465.04654
998,320.9386,166.75255,488.74994,441.994
999,549.14777,92.36286,570.41254,164.63771
1000,373.08716,201.4615,546.9723,473.6855
1001,306.98593,267.93063,540.1032,286.8047
1002,423.01105,142.05695,639.0139,415.9204
1003,2.627945,154.343,413.76282,450.25092
1004,61.757965,9.463863,305.54767,243.89743
1005,19.909554,32.523537,392.77124,330.38678
1006,449.86526,78.489105,541.3513,345.29666
1007,365.06506,47.205765,428.04642,225.6845
1008,371.14548,258.88657,438.2907,435.3474
1009,95.45986,188.52425,417.7567,203.54095
1010,455.62283,82.43508,522.9096,439.56113
1011,136.21472,11.052904,365.27957,431.49323
1012,330.4845,16.46985,512.7693,256.71173
1013,24.295845,64.76283,87.51057,383.2996
1014,413.34155,179.9756,557.5683,423.43976
1015,32.214813,257.54404,107.4305,347.6202
1016,71.38714,10.940723,276.3626,166.30695
1017,153.1207,58.95965,424.03326,307.1894
1018,252.79538,105.79808,408.6217,280.20526
1019,113.36399,75.343895,453.25534,350.9841
1020,34.358864,213.95586,637.0574,231.10362
1021,150.9697,149.95757,340.35156,332.0373
1022,239.35834,4.52302,299.32257,277.48843
1023,376.32617,95.67212,409.6845,114.24674
1024,235.09262,78.595566,292.8133,313.44537
1025,66.720085,335.13303,396.51422,359.30597
1026,309.30972,323.0179,455.5996,437.6425
1027,128.02975,197.57646,234.55093,443.32147
1028,348.70587,238.552,546.1521,458.39578
1029,189.35574,7.0490456,513.8013,251.12526
1030,30.508423,214.47638,597.1676,346.1082
1031,28.167,187.30368,294.91327,473.2617
1032,379.46384,4.836073,551.7772,228.98317
1033,233.77652,183.71867,542.4447,205.05455
1034,216.75327,33.94532,464.63672,290.60312
1035,370.6461,59.49251,457.037,454.55695
1036,72.97878,170.37729,284.3824,338.9082
1037,142.05441,114.00642,389.45276,462.51382
1038,30.512543,196.74329,168.22227,277.80615
1039,296.91928,201.35,631.71716,259.7627
1040,139.88823,115.70418,534.76434,429.2763
1041,332.5961,46.12009,382.47516,218.57405
1042,165.24254,185.4418,526.72473,295.35324
1043,166.10684,39.262245,212.58926,474.53012
1044,113.34465,74.48842,131.62498,134.9553
1045,63.706055,50.64892,315.01163,110.31
1046,191.19595,420.54108,527.33514,430.82327
1047,236.43227,206.586,366.07,373.67712
1048,147.38239,45.30124,301.4774,278.15048
1049,150.24692,68.18178,329.39215,83.33296
1050,348.5126,170.36594,471.03302,450.83084
1051,258.5521,55.120583,635.82697,170.02496
1052,43.98094,174.56271,485.123,476.595
1053,519.02765,86.02295,627.54407,328.25607
1054,105.66845,234.93338,195.01285,420.53995
1055,353.7367,45.641182,409.0672,152.88202
1056,103.03738,63.961086,322.84177,212.95886
1057,432.09918,179.18423,611.6882,307.6098
1058,51.239395,28.624449,86.966515,124.878815
1059,184.82922,268.9382,454.8016,394.40634
1060,192.42477,22.636642,259.01483,148.10086
1061,180.98274,245.55167,360.67926,367.0245
1062,455.96524,30.584965,511.63754,460.2655
1063,187.89642,208.02463,317.86578,422.2809
1064,7.2512817,188.3109,391.88745,435.59515
1065,183.47171,133.7749,543.9529,372.8625
1066,152.40506,74.39752,196.63277,296.3375
1067,62.96013,264.00073,71.81263,443.5772
1068,293.2486,0.48540115,377.563,170.89456
1069,62.6046,90.04286,140.83447,304.63324
1070,169.92455,399.0297,180.4036,439.62582
1071,121.88347,192.95451,249.94693,224.87677
1072,182.32587,129.80072,476.80588,360.50537
1073,247.40741,0.5215359,411.7369,250.08437
1074,51.972656,186.50273,528.29443,243.83763
1075,287.60016,21.71362,497.01013,60.50042
1076,403.2732,252.28203,446.50424,458.303
1077,75.83786,21.023312,352.37256,416.02563
1078,275.9787,103.90437,330.76776,247.8352
1079,62.32914,240.18513,525.7433,380.31622
1080,47.36862,435.70123,514.0773,460.2872
1081,49.276924,204.07896,318.37296,432.31244
1082,79.48738,461.924,290.7895,471.83786
1083,256.24393,160.87653,541.7082,395.52112
1084,100.86449,6.079874,155.12164,406.26093
1085,92.66575,188.96828,596.5624,380.22385
1086,382.96124,264.46475,519.79486,343.29608
1087,15.618858,188.08548,272.7678,389.99075
1088,246.59482,266.6038,460.10248,266.64322
1089,419.65683,32.792244,507.08328,65.994354
1090,97.95452,318.51578,267.96326,361.02075
1091,12.659225,132.22595,391.50714,298.29388
1092,76.34098,42.535286,215.0882,176.21527
1093,265.72415,255.49026,603.26855,442.5068
1094,202.76944,141.41223,318.08212,437.62457
1095,439.58746,59.395035,568.9014,189.34756
1096,399.43546,77.523254,538.0434,287.50153
1097,163.46875,21.371412,271.9984,418.63156
1098,47.167816,110.92395,594.8629,183.68445
1099,34.652786,266.12527,304.09442,448.1531
1100,359.9516,66.791695,570.53156,349.04227
1101,132.08951,26.204052,149.23297,201.29196
1102,65.61962,352.73828,298.16278,410.24747
1103,508.19464,29.26858,542.3196,347.7282
1104,133.39343,94.59781,437.60556,365.92267
1105,449.97116,172.14125,451.96216,329.24384
1106,143.64182,409.00638,245.70732,413.6121
1107,5.592346,38.069427,284.06512,39.044754
1108,254.0255,294.84125,305.10876,436.6426
1109,46.434822,33.73272,634.3302,251.1579
1110,136.30005,52.424927,204.18564,473.7592
1111,522.79553,349.4848,573.3152,444.08
1112,467.35333,365.60587,512.7215,432.44397
1113,53.874092,273.22684,396.57672,347.16644
1114,282.12378,315.92596,582.1886,403.8067
1115,239.45511,284.28607,339.4664,300.2548
1116,540.79095,1.2292099,581.8827,477.43365
1117,165.10944,5.971756,343.8783,233.73662
1118,56.137123,125.48893,626.82477,403.96838
1119,163.05824,125.74711,328.87177,440.21725
1120,321.94592,216.2136,607.055,364.70798
1121,84.76189,121.54913,138.78247,219.94142
1122,51.026077,183.15337,205.06844,432.8456
1123,19.632149,51.89289,217.96059,223.3645
1124,49.255257,9.540396,373.40665,289.46655
1125,108.27675,75.828636,534.2024,172.7998
1126,61.866417,249.3923,552.02765,346.01465
1127,274.96155,93.10599,499.37558,209.19456
1128,27.987099,316.74762,570.0638,438.09384
1129,131.81313,17.318974,132.0153,314.97714
1130,366.76263,360.1775,395.1391,409.6374
1131,459.1269,411.26254,536.5988,474.5944
1132,339.6185,62.57026,566.3279,84.35895
1133,209.59476,57.053635,534.8645,88.76687
1134,114.75872,279.3546,410.0328,393.8257
1135,20.145874,114.89399,109.47506,349.45166
1136,181.1565,122.15043,232.89352,177.5306
1137,467.8703,180.51447,592.5806,454.65833
1138,181.40796,111.30241,295.66425,146.8487
1139,188.93176,42.17511,341.50452,384.13776
1140,304.88065,380.17502,477.5682,422.0506
1141,236.34274,222.77773,255.07404,320.99805
1142,69.97738,270.3611,316.63257,329.3982
1143,39.1399,148.84721,242.48596,273.63666
1144,346.04276,21.62736,386.0567,318.54224
1145,462.73212,80.14006,596.2235,432.2921
1146,374.22144,169.32541,638.1893,351.99597
1147,52.57801,11.059084,241.97665,81.33917
1148,133.08037,139.80273,452.6632,467.95883
1149,59.22699,430.38837,531.2412,433.47266
1150,297.49393,110.79709,316.61407,225.612
1151,180.50708,192.67809,340.35614,289.2807
1152,37.50969,45.23944,98.34431,75.416794
1153,45.03769,49.018593,567.0714,146.5022
1154,134.9807,159.62674,296.95206,248.05194
1155,172.6518,416.03854,175.25856,456.7545
1156,491.6783,311.33292,577.12775,435.04224
1157,404.81232,211.95622,508.23883,298.97507
1158,362.69803,112.53685,475.6184,232.42996
1159,199.54364,90.658035,433.50464,308.1356
1160,395.28488,294.2608,451.94598,407.43408
1161,54.35524,161.43353,72.46693,358.33383
1162,398.41406,21.378107,594.2651,142.09982
1163,535.9498,251.6195,607.94696,466.6993
1164,410.0777,137.38152,448.87836,238.71591
1165,279.2456,261.27618,488.23605,287.38315
1166,482.72772,46.237164,615.16986,190.76323
1167,95.07744,70.6687,172.27231,207.32611
1168,270.70615,33.316353,366.70242,423.23987
1169,166.07318,86.711426,486.6577,452.72437
1170,50.31952,271.3362,267.4193,341.50052
1171,403.60794,306.9824,426.10736,333.52884
1172,177.1289,23.124619,193.32603,73.65149
1173,208.78876,253.3124,519.7174,352.96295
1174,213.21053,164.06076,566.9998,363.39197
1175,136.3063,353.90176,157.75958,376.58112
1176,333.4494,78.30886,578.38824,106.72688
1177,423.20035,190.97156,502.84045,244.25131
1178,481.0777,59.005424,584.82825,283.99295
1179,199.7654,93.2959,526.5421,151.9043
1180,155.32666,174.99419,635.71436,259.05313
1181,127.20013,137.03925,270.60815,209.39818
1182,466.08707,285.58768,631.8668,419.32642
1183,2.8029633,184.9193,202.57118,250.56186
1184,216.38611,165.0097,596.583,358.2559
1185,359.7067,40.182438,360.81314,133.69122
1186,34.30538,334.73584,521.5533,426.21277
1187,202.80617,162.91034,465.0562,200.22635
1188,156.05023,321.42813,163.48935,432.93326
1189,16.587677,89.71089,119.042015,189.5228
1190,147.1417,103.98754,429.8752,262.005
1191,284.27582,231.6399,630.07434,479.4079
1192,24.698105,192.49234,37.750244,410.73657
1193,358.71277,274.16522,621.64453,328.47314
1194,116.54148,408.28604,215.70328,448.3205
1195,22.949944,48.294098,337.45663,245.32251
1196,234.72546,182.62173,355.43994,247.46077
1197,185.68326,265.7287,242.85281,448.16385
1198,232.05432,339.70514,565.25543,384.18225
1199,44.58332,7.021265,102.219505,387.08575
1200,217.7092,244.53307,268.60205,386.34485
1201,310.0743,54.70173,567.0683,435.21658
1202,444.59753,29.065447,624.4414,443.20197
1203,60.464554,249.05702,461.38504,293.4143
1204,135.01874,44.918575,426.4447,163.32004
1205,14.505386,235.82903,392.02,471.9252
1206,374.7232,130.38686,564.68665,446.38834
1207,411.74738,446.34473,475.516,459.3762
1208,318.46143,268.07544,464.58032,384.88095
1209,457.69177,223.77411,508.63757,310.26843
1210,299.1055,47.767696,599.5348,149.59276
1211,260.70386,57.606068,528.57996,182.90758
1212,185.51865,159.37875,332.26837,389.24814
1213,168.33163,42.491943,639.66785,139.77298
1214,63.222008,105.826096,632.3626,196.62715
1215,339.5359,269.67715,605.7687,456.84607
1216,206.47052,405.2267,545.6224,441.10764
1217,49.83242,439.41492,110.88127,446.35138
1218,62.466927,201.9449,241.14825,296.98016
1219,81.98097,228.07837,329.25775,267.72006
1220,315.0351,33.891277,417.72263,479.2146
1221,272.90625,30.985365,545.0337,448.35278
1222,469.89426,21.614513,545.4165,143.18782
1223,392.66254,107.94288,536.552,365.06302
1224,413.90182,249.36836,433.37875,451.86322
1225,250.20912,470.11023,447.13885,479.20758
1226,92.57542,36.331444,277.1939,117.958145
1227,208.5157,210.14096,411.99194,218.17686
1228,330.18335,242.86197,564.12177,330.01013
1229,397.99744,207.6778,420.48312,246.23534
1230,215.44495,135.17638,504.79535,190.48158
1231,455.8295,67.69406,499.62582,245.18892
1232,335.57712,35.50604,464.78113,381.96118
1233,367.21838,38.199234,424.0871,218.10909
1234,138.42868,118.584885,479.68213,365.3471
1235,302.32404,301.58545,361.70844,476.20624
1236,521.00604,351.68817,559.3501,409.6696
1237,472.71216,199.15028,632.0945,387.39606
1238,501.9247,163.62788,607.6629,215.8469
1239,207.76837,64.167625,311.044,223.56909
1240,357.0905,60.742805,614.7719,79.054016
1241,262.42712,162.28523,494.32162,436.75772
1242,97.130775,203.78677,266.95602,433.8354
1243,92.87872,241.51425,504.911,413.32562
1244,24.556313,10.611906,437.25183,125.7298
1245,129.28642,106.01449,365.77716,297.10077
1246,44.295006,24.628286,94.79515,199.57446
1247,180.33363,86.95061,321.4282,92.69912
1248,244.43341,125.552475,451.855,433.99863
1249,103.94501,68.91678,324.69083,364.4005
1250,431.26572,123.269745,614.2258,365.3332
1251,405.17276,47.238037,494.19135,342.27362
1252,94.08962,185.59787,383.48877,250.74025
1253,375.92676,78.259445,448.5584,478.82285
1254,521.66364,4.3537617,616.81396,162.00128
1255,75.21141,158.75545,433.58392,220.23834
1256,137.11682,59.01841,576.4637,133.84912
1257,226.077,382.41037,305.4173,434.57224
1258,49.913025,355.79352,509.15637,446.3842
1259,16.915741,45.902397,140.65488,424.68832
1260,448.1688,306.2861,586.6489,308.83542
1261,472.32294,40.820904,516.96075,294.83612
1262,40.71232,212.50018,512.39514,219.71274
1263,239.2905,22.306995,482.74075,253.66862
1264,346.2071,76.648865,623.605,195.48294
1265,276.0001,267.0553,481.10925,295.8964
1266,132.64313,28.439941,234.80899,111.17855
1267,91.20712,180.65758,215.75569,324.98013
1268,88.750305,36.33033,150.22934,413.2374
1269,172.01118,45.591576,543.14417,352.96088
1270,252.2229,75.40412,588.4314,227.88371
1271,350.13913,217.98926,367.16336,218.52048
1272,15.069008,30.181217,496.82513,65.27432
1273,431.44708,90.45119,539.4487,416.3891
1274,470.94315,91.856346,536.44293,188.82777
1275,287.76004,85.82345,398.93042,444.8143
1276,336.04346,88.15747,417.17212,206.1333
1277,281.89883,41.340607,609.95447,229.50354
1278,513.7948,211.52965,622.5788,322.82672
1279,132.19104,199.20149,493.22476,447.96368
1280,24.655533,337.33392,259.83624,436.6251
1281,136.94019,14.004164,431.95734,20.442581
1282,293.97064,98.42494,366.73904,414.28494
1283,198.20544,224.87775,299.17883,451.87524
1284,258.81885,317.89844,276.29443,378.5449
1285,107.008095,113.99543,260.96136,131.06169
1286,299.71805,282.60117,342.3969,322.93393
1287,478.81073,62.163704,586.8777,427.61316
1288,264.2583,165.09407,336.56287,214.02786
1289,501.2138,66.93381,583.09546,303.01746
1290,71.20201,6.7193127,117.197685,343.66647
1291,267.88068,287.54172,375.1147,479.95016
1292,260.1288,31.571417,402.25653,309.50897
1293,126.87401,370.76233,610.63605,374.48575
1294,327.22733,328.22748,440.11896,388.96783
1295,419.41623,437.38605,471.89166,441.58298
1296,307.63644,22.847414,321.27625,471.05655
1297,151.90234,50.266655,324.57397,148.13931
1298,158.11673,17.460508,506.41583,113.67445
1299,169.00497,419.81613,358.37094,450.13382
1300,4.8120117,117.39478,126.532135,307.15057
1301,20.361824,90.373535,447.93903,400.32437
1302,118.76263,64.459274,572.7164,380.75784
1303,280.15955,388.90576,397.84192,458.32373
1304,577.1125,296.713,633.77167,318.41736
1305,17.438316,120.6524,468.8757,246.59503
1306,64.559746,317.6142,170.87173,382.19925
1307,362.9167,126.182846,414.3895,426.11002
1308,285.4298,102.77959,563.1092,381.68173
1309,253.1121,16.154652,257.56995,194.85237
1310,232.02568,223.75482,400.98627,312.94165
1311,262.78793,53.551056,384.12888,206.47548
1312,285.21213,130.77261,323.78607,479.58057
1313,247.86568,3.7366104,498.59647,247.83263
1314,116.95122,17.377481,129.01593,371.08456
1315,32.5008,119.45807,534.59296,291.2435
1316,389.8051,56.939507,447.6618,447.70474
1317,296.8503,36.731102,310.5272,258.74426
1318,44.721527,64.84657,450.6856,351.9132
1319,165.63629,67.7217,479.61133,298.0269
1320,179.25346,190.39796,554.20465,322.80493
1321,26.971321,129.83293,361.84177,361.616
1322,51.87332,193.4046,483.59827,474.7213
1323,186.82828,334.3882,366.8932,340.152
1324,259.294,178.4661,356.9922,220.26738
1325,115.61699,40.764084,325.2522,300.93018
1326,163.90945,145.9221,208.52145,214.5712
1327,17.609138,17.227077,310.88867,202.41711
1328,240.24261,204.94754,451.85742,447.12286
1329,31.957703,130.1332,362.56833,445.99857
1330,256.2923,0.7592583,351.5425,330.53842
1331,182.95616,305.2538,550.23676,331.60428
1332,65.54932,56.134613,554.77325,143.41936
1333,57.89383,221.91461,227.6738,420.0796
1334,220.3439,12.431002,445.49493,470.4559
1335,83.86917,49.959297,267.9689,332.68585
1336,173.07666,371.18097,561.148,388.1392
1337,29.302711,98.19266,177.99995,319.22177
1338,177.06032,232.02821,261.46497,446.13287
1339,406.77966,143.5839,437.2797,298.6271
1340,189.11552,234.86484,288.1473,313.12924
1341,136.20389,80.03772,179.81418,462.10336
1342,143.86523,252.69997,298.97626,346.65137
1343,483.39648,159.05453,539.52795,414.48035
1344,133.29709,254.59207,236.47766,475.21536
1345,81.39191,400.13892,634.0842,428.99615
1346,113.90457,4.219837,164.57733,224.21497
1347,376.91223,148.30725,391.523,372.96698
1348,281.3467,218.99927,362.03223,236.34032
1349,333.55872,174.92517,417.19043,342.90125
1350,27.96009,282.9431,132.09537,452.90994
1351,118.4906,130.23932,249.06853,468.34326
1352,123.15582,167.45891,215.91595,462.47748
1353,232.29749,26.932812,239.94576,67.01431
1354,21.658363,18.969183,114.90173,40.42574
1355,61.77906,40.889885,288.4337,112.944145
1356,121.76449,66.7741,435.0339,285.65707
1357,368.6113,267.078,523.07745,426.8432
1358,0.46077728,106.27499,100.41546,246.88405
1359,74.19304,420.49338,317.65015,423.36023
1360,92.32231,54.98995,187.88693,432.48492
1361,58.651047,97.55158,220.64316,98.73931
1362,389.2485,39.493103,501.7522,195.21623
1363,91.83693,161.3321,152.06932,263.6593
1364,538.4764,29.12713,588.8936,60.843575
1365,381.51617,147.19153,460.16922,465.13608
1366,481.61008,253.89758,501.40567,312.44028
1367,236.76166,60.16697,417.22833,226.3336
1368,368.9767,201.43996,613.0834,379.9002
1369,69.66793,186.90717,158.09166,324.69827
1370,514.65247,222.2889,598.2043,350.60498
1371,538.1409,99.06535,588.4511,281.13235
1372,76.59908,138.57431,342.36212,269.81772
1373,379.65533,151.0811,625.78,383.0781
1374,212.03827,133.9666,600.8952,367.86505
1375,357.01004,183.78745,499.6645,326.8166
1376,103.8887,12.66964,528.9157,51.12545
1377,18.178368,408.7519,467.3028,442.08533
1378,459.37924,44.57554,506.69092,447.10028
1379,129.40315,31.478176,257.09622,462.93018
1380,265.85107,210.34341,297.8206,416.33948
1381,397.08044,153.59671,637.8521,424.70212
1382,133.17558,61.004303,522.528,339.43814
1383,171.26091,334.3734,278.1588,355.66544
1384,40.652695,107.14119,575.3934,457.22028
1385,438.49948,353.50214,541.00366,364.95474
1386,229.21494,170.62257,534.38837,206.4798
1387,406.77945,89.69144,560.22894,138.4482
1388,30.187798,15.039253,250.49744,392.70197
1389,455.9631,155.5528,539.8047,330.52057
1390,251.81496,62.80223,434.2812,430.0612
1391,147.03308,155.31633,528.5924,358.46667
1392,122.82486,345.13275,411.13235,414.4676
1393,108.22601,118.18276,487.94983,280.0817
1394,95.21824,190.97073,118.49579,470.3127
1395,238.15417,140.0801,554.49316,236.46329
1396,269.33282,40.232677,275.82516,139.44646
1397,470.90656,16.586952,544.2676,441.01495
1398,99.70886,82.396255,231.97441,150.16531
1399,125.26066,290.24008,128.76228,300.88293
1400,144.76688,204.80359,492.4674,365.3025
1401,49.718018,127.45697,321.2301,390.90106
1402,251.49101,36.246613,520.8003,234.25824
1403,361.4054,61.995163,398.7076,363.3195
1404,119.03286,117.7513,224.88422,120.80741
1405,32.714844,157.19058,611.8962,160.71599
1406,75.089645,356.2937,518.7491,447.09882
1407,177.8436,101.93725,533.79266,475.65482
1408,206.77109,16.274986,325.72507,111.50705
1409,359.71616,234.04712,451.90594,327.9591
1410,56.90445,337.59033,257.4535,432.4045
1411,129.23215,34.60499,441.20908,124.734566
1412,38.633957,151.15771,460.87244,396.96378
1413,537.3451,36.439735,596.83453,325.33417
1414,83.765335,90.066635,163.07803,277.49838
1415,167.59285,105.38335,256.19962,335.13266
1416,249.09976,290.7005,454.43414,345.15552
1417,76.43768,22.782555,637.3796,97.488495
1418,426.4831,84.80453,447.07382,479.09866
1419,45.539207,237.04817,124.11495,281.88614
1420,100.843544,330.4382,143.03734,431.985
1421,203.78334,65.169495,497.7953,317.15378
1422,444.34583,9.736376,560.42426,34.27328
1423,127.564316,287.4008,554.0529,449.70404
1424,164.83795,181.02605,179.04233,401.94733
1425,73.334236,147.33987,281.35364,154.93893
1426,226.40659,155.42029,454.52365,299.15735
1427,53.0888,326.7943,193.71198,379.7248
1428,509.14905,322.74512,609.4242,349.15875
1429,93.68458,50.37961,573.9617,125.392746
1430,472.45905,1.1804867,600.56067,261.78064
1431,76.113815,40.547417,386.43524,62.191544
1432,143.30894,149.50107,531.7144,416.07224
1433,21.070251,381.64313,70.80185,444.23926
1434,195.25342,300.37723,441.58783,361.17874
1435,344.04037,62.37917,620.10406,148.74951
1436,351.60184,117.34065,561.6963,143.39255
1437,285.84674,254.1887,357.44675,294.8518
1438,432.26,370.77158,596.89746,434.12195
1439,146.65848,91.84676,337.8035,367.2051
1440,212.11642,240.74664,349.93402,436.93365
1441,246.8016,88.626595,446.81552,424.77106
1442,280.11868,304.9242,536.35626,407.50003
1443,64.310265,39.677498,519.94855,417.804
1444,314.1535,204.98357,389.75238,247.90343
1445,137.89798,31.824617,194.3761,415.36475
1446,103.34385,106.54086,388.39633,249.1198
1447,345.1123,202.3629,611.2833,219.20854
1448,87.573586,309.27594,381.27478,367.12817
1449,59.131813,395.66898,415.75476,468.5511
1450,69.28963,21.878815,617.93604,259.69196
1451,31.092834,227.49796,189.59702,361.66177
1452,89.46922,19.359226,312.27197,226.1778
1453,162.98187,388.34723,421.29245,393.6809
1454,15.1885605,60.39007,101.43612,109.139244
1455,388.39816,228.10834,393.46695,390.5578
1456,99.46674,100.426285,124.911194,323.48212
1457,248.70425,61.434002,478.7183,397.08795
1458,244.48505,132.47324,550.243,402.02316
1459,115.33169,128.33313,593.3028,336.00613
1460,45.087585,94.41931,193.36876,249.50543
1461,73.73161,107.70143,625.3047,374.38486
1462,280.2862,186.48076,372.2829,367.24893
1463,138.02533,345.7069,375.9329,479.5546
1464,138.85056,240.40392,425.40027,438.80145
1465,389.21576,221.34738,530.78235,261.61768
1466,93.803444,71.444664,182.9718,329.59967
1467,7.7328873,87.579544,261.85474,334.63803
1468,450.31815,77.38732,549.5698,339.74667
1469,107.722626,230.25159,159.98734,410.4614
1470,344.88522,226.63913,611.05414,286.79324
1471,66.162186,230.68788,101.29421,269.77838
1472,265.10745,271.0788,286.09988,314.05972
1473,123.42445,103.66256,327.4707,324.2977
1474,273.91055,119.334526,283.9116,336.96158
1475,39.490547,54.225597,637.2972,178.77545
1476,408.35034,99.6672,435.86627,127.99965
1477,376.77637,25.118866,553.45496,57.746918
1478,560.15314,136.9742,637.7015,300.3138
1479,311.08716,18.267517,558.0329,141.05075
1480,58.242836,266.76794,113.881226,419.0018
1481,429.13208,160.93741,499.93677,293.20096
1482,406.0095,56.18374,545.6176,324.92438
1483,181.56879,1.220398,299.57578,285.0803
1484,160.61859,257.1337,226.0691,384.29
1485,303.06125,275.01135,580.67914,312.96152
1486,217.15024,18.64111,224.9012,142.22119
1487,48.567734,74.11102,583.6316,194.25192
1488,389.61197,70.078064,533.4258,468.4234
1489,279.0082,87.76234,428.16705,208.95604
1490,115.37998,216.77661,196.33797,471.65805
1491,81.27888,414.6842,351.1103,476.43622
1492,52.443542,268.63242,325.3377,370.84064
1493,32.858047,237.00845,131.49971,472.34326
1494,281.39294,144.68245,593.5872,289.2615
1495,406.2594,27.424479,410.86133,208.06082
1496,427.08978,40.637398,467.40564,152.57407
1497,475.63025,250.1636,525.7089,376.89978
1498,4.589691,3.3867073,96.0873,405.17734
1499,475.96838,245.97127,608.55804,307.4522
1500,230.96036,258.5241,243.89832,373.8336
1501,196.4143,87.37656,390.5755,130.8896
1502,85.72937,121.33049,589.8669,131.21805
1503,162.11365,77.11186,460.8212,182.68275
1504,116.640205,316.03204,485.5084,473.47015
1505,52.366028,211.09163,573.48804,379.88858
1506,9.944191,175.14693,464.92996,435.9891
1507,217.11469,64.41871,476.6604,386.3206
1508,19.741783,75.752396,252.10579,119.13045
1509,393.83725,17.68939,502.71155,415.52527
1510,288.59637,305.18637,343.4274,441.96448
1511,125.37556,38.71662,357.55707,350.4041
1512,72.03186,99.52729,523.7421,443.2986
1513,166.54971,295.749,184.74393,379.39575
1514,147.56439,368.4096,350.30713,381.64944
1515,332.15717,196.53975,447.83142,479.49542
1516,143.96446,377.98535,548.0638,396.29657
1517,106.508484,122.69342,310.3453,316.42157
1518,474.20795,3.8058758,495.33856,323.75986
1519,64.21299,198.3393,464.97586,288.15985
1520,21.628304,49.308872,510.31018,472.81903
1521,313.44183,0.98802567,447.6346,95.41629
1522,102.13333,6.952343,472.97217,471.6822
1523,390.79126,231.6947,572.8817,463.1019
1524,55.51674,367.59277,367.51697,479.4118
1525,19.943962,93.008736,526.67755,452.50037
1526,42.963905,95.87005,634.44135,469.54147
1527,168.16272,14.488306,413.7461,354.8161
1528,247.49164,66.629166,337.72974,95.156876
1529,313.6472,111.33279,411.77557,427.28204
1530,505.2657,278.93045,580.116,441.10144
1531,306.9217,303.98096,531.8032,457.96313
1532,163.96515,260.0442,618.9643,335.7465
1533,93.372574,116.25512,354.31918,248.18927
1534,210.52798,261.77002,259.26086,393.2454
1535,148.36505,409.7479,509.46838,428.47073
1536,448.73303,174.93651,520.57166,441.80673
1537,358.51727,65.15576,598.71063,421.3341
1538,192.28378,243.22043,569.72754,351.41357
1539,223.56046,284.45978,250.37949,402.1015
1540,361.21002,129.23741,373.27042,211.16595
1541,27.605629,143.91386,197.59956,273.62357
1542,167.5077,256.9343,609.40094,453.47974
1543,248.62373,15.600872,426.35864,362.9542
1544,61.64425,130.96147,184.2938,309.6509
1545,9.036789,57.08339,176.13701,211.88724
1546,441.87332,197.74142,633.97485,382.53046
1547,417.0682,3.382759,482.8023,82.0174
1548,170.65768,17.612057,181.02684,256.99222
1549,178.47916,104.78734,356.33572,363.25076
1550,5.948143,105.75136,416.58392,458.47186
1551,299.7682,85.58181,588.77606,298.41052
1552,360.90936,227.1458,461.64902,230.55716
1553,112.407646,25.08193,509.46393,411.98584
1554,111.94504,423.51624,180.78732,434.20535
1555,402.22388,348.99283,541.14325,439.1239
1556,416.33313,136.70694,438.59564,244.09166
1557,81.68491,41.19238,613.91833,475.88196
1558,540.17035,319.564,552.7514,371.19308
1559,2.2702408,45.557613,535.0074,234.46603
1560,345.30096,136.82341,617.58124,352.0008
1561,155.25642,157.71707,336.61038,331.22354
1562,121.21422,250.89049,267.10364,306.65366
1563,152.07324,269.79294,493.4125,377.16476
1564,240.62238,81.02208,382.23407,196.0402
1565,72.60532,1.1958504,217.09308,103.41911
1566,97.848854,161.06836,167.69687,397.94626
1567,145.32895,223.6805,210.48755,379.34073
1568,235.75554,39.762955,426.6546,244.28198
1569,313.614,67.44155,477.74188,401.62704
1570,323.73395,51.631107,508.40747,302.69385
1571,356.7592,166.54944,475.123,385.55246
1572,250.3429,108.04416,507.72183,341.33447
1573,21.942978,70.95288,575.4166,330.98975
1574,147.28397,10.939951,240.05188,109.18239
1575,559.5207,119.41292,635.358,301.79062
1576,127.183304,70.523674,475.72852,426.5703
1577,317.90054,262.54288,475.04257,462.82993
1578,540.5589,115.937004,581.0558,360.0036
1579,211.47209,345.74722,343.55685,442.04504
1580,95.24021,108.202484,532.29565,296.97754
1581,111.11435,139.7201,594.0708,388.86176
1582,478.80505,425.0171,499.76746,456.78128
1583,308.72656,162.44313,448.0731,268.0003
1584,213.86401,53.18493,220.40802,207.78871
1585,194.81308,53.677826,390.76685,429.5254
1586,3.7997055,23.354359,585.8689,301.98538
1587,150.1973,198.86911,530.87964,339.17624
1588,412.0035,130.16158,633.1739,219.99101
1589,177.25677,318.03452,581.39166,397.09363
1590,232.33673,362.89462,295.44785,414.83356
1591,118.52947,163.9799,404.1705,165.21037
1592,405.9857,115.432434,614.3554,244.49329
1593,415.56335,31.735497,507.1414,280.59958
1594,238.72704,11.132069,598.8293,128.52791
1595,197.17346,82.549065,391.49957,187.01251
1596,14.685173,126.29986,599.80524,410.55338
1597,508.5367,259.018,569.0673,456.3081
1598,51.358223,107.68905,379.31198,335.46002
1599,307.33047,130.59615,398.40784,242.94954
1600,371.36633,323.46362,497.6047,389.79257
1601,68.04981,29.48742,620.9987,290.6367
1602,161.8588,138.8869,578.49884,450.67053
1603,165.70218,78.52266,423.03433,132.80025
1604,317.61206,174.96738,565.7398,202.01877
1605,206.74167,264.62048,339.97787,451.71298
1606,192.61456,0.24370193,562.1447,121.25347
1607,57.459373,450.78745,392.14783,458.56323
1608,261.2062,164.4907,449.8688,276.73178
1609,122.06333,290.9096,274.8575,369.09018
1610,245.9473,84.38435,423.0713,266.8631
1611,63.310738,74.55571,141.26854,327.3866
1612,376.85773,14.997511,451.29657,39.438286
1613,215.20496,23.855295,527.9415,81.02729
1614,275.93106,364.1314,393.03857,432.21402
1615,114.435425,68.0983,439.06067,179.88945
1616,486.97513,297.7981,563.8584,461.31363
1617,239.59953,9.965601,466.90036,137.33682
1618,115.65636,61.115425,228.017,144.11462
1619,37.599144,29.332352,316.83273,87.67193
1620,123.74302,21.626787,553.7928,45.604446
1621,85.816154,383.3279,203.52676,477.47922
1622,175.8023,136.32944,382.82852,430.72842
1623,396.54004,183.26042,460.96783,255.97673
1624,176.86353,58.850327,563.31537,430.53052
1625,83.57433,249.43417,506.92245,292.5679
1626,59.162064,362.5334,579.07336,433.07025
1627,0.9350586,60.222416,308.2402,478.16376
1628,266.92,224.55394,382.9361,327.56616
1629,467.10718,170.73895,542.48303,476.71863
1630,61.315117,37.50981,462.9984,109.36535
1631,1.2148666,336.06708,148.23001,450.48926
1632,584.37366,217.55287,636.92334,323.41528
1633,232.145,314.55444,391.80365,455.48557
1634,600.6825,242.88809,632.4381,247.00342
1635,308.84943,268.13965,459.26514,407.5033
1636,120.837555,87.13546,432.3899,129.74287
1637,149.26578,154.76208,176.4748,165.97023
1638,119.67552,62.425632,426.89542,472.85483
1639,108.0389,323.7116,451.1984,337.28647
1640,258.99142,256.54532,506.53598,291.1401
1641,330.87817,327.0017,637.7192,439.73206
1642,626.332,147.40654,632.91907,331.30762
1643,255.46295,45.915012,547.0252,356.23785
1644,55.002327,148.52786,108.38688,427.24237
1645,607.64307,201.38426,607.64874,454.7081
1646,477.57245,181.61613,613.846,414.86954
1647,493.74222,37.32041,559.1428,451.64627
1648,258.23584,215.9107,628.3936,299.5875
1649,120.001335,93.536224,336.27563,183.35878
1650,190.69324,161.24648,343.6719,269.14587
1651,208.67516,43.883484,600.8994,435.2973
1652,18.89328,146.03783,243.19852,171.34486
1653,275.58295,314.29803,560.03784,449.38
1654,192.22427,385.87946,381.9199,450.1078
1655,165.87662,136.53064,452.99988,328.11057
1656,21.630325,283.61533,396.4337,291.79532
1657,19.704361,28.750935,452.97906,109.47778
1658,120.378456,355.85208,335.2551,419.08624
1659,34.32186,260.65237,410.18814,380.0938
1660,14.990463,65.15038,317.06348,355.63406
1661,230.45403,259.016,297.03802,334.603
1662,132.54636,87.84408,443.22925,441.28168
1663,256.0229,198.34962,463.77728,469.43274
1664,277.92636,6.9172096,561.6887,431.08154
1665,581.6942,11.051159,622.78143,292.42645
1666,179.00699,73.132126,186.75449,399.2976
1667,526.77985,307.89474,528.2548,466.6206
1668,265.17075,204.79857,562.7501,386.2716
1669,153.66135,209.44957,282.62915,278.38852
1670,175.31491,434.1682,266.4062,473.5943
1671,188.52512,46.595505,538.7586,102.26715
1672,9.686356,115.712326,201.67026,467.18774
1673,207.44804,104.902466,359.67133,402.45377
1674,337.23965,217.19023,434.61774,228.51874
1675,83.48251,43.765984,297.54498,209.41547
1676,191.19423,71.597275,294.01868,166.6381
1677,187.93968,209.59465,213.69171,460.47208
1678,157.14526,171.77121,256.5647,292.65015
1679,274.75262,259.75897,483.91534,407.68787
1680,299.76047,119.04808,527.5676,339.21075
1681,22.866745,69.98262,70.62145,317.96844
1682,583.7856,117.64778,630.0983,350.51376
1683,454.14093,266.3262,613.5464,292.58176
1684,241.05084,12.927675,591.975,86.30925
1685,324.0375,96.29111,588.90247,368.23334
1686,496.16916,119.38691,501.39072,323.24683
1687,254.96677,28.990145,608.8615,348.39413
1688,10.53463,123.67018,66.48598,214.53712
1689,281.51276,116.28819,446.78345,477.54846
1690,148.59047,183.18597,394.76392,231.30109
1691,480.09534,244.85341,487.84167,402.29596
1692,122.34928,144.49991,284.51044,462.1471
1693,192.91476,142.74539,477.3014,443.75156
1694,89.5673,279.63065,473.5757,450.5997
1695,172.61276,26.06329,331.8289,167.78847
1696,150.2166,267.81348,287.83963,463.81427
1697,399.7728,158.46788,621.85315,195.91336
1698,493.31406,206.20168,520.68445,463.7971
1699,125.013504,33.6232,214.82819,409.19412
1700,329.6098,173.06914,366.2573,436.43607
1701,32.912445,341.4087,371.52277,411.7944
1702,22.337837,14.080896,336.76938,108.45757
1703,81.41098,171.99312,456.62152,375.7937
1704,569.76843,52.95908,596.4643,231.4815
1705,124.99382,381.8778,185.71185,396.43262
1706,152.5061,50.13771,252.82086,76.51683
1707,495.7039,59.671066,570.1211,373.81952
1708,26.445045,109.8444,319.91043,135.34773
1709,294.62268,201.04582,316.62234,469.48788
1710,68.16067,115.59208,101.04969,355.6316
1711,135.14526,131.64763,542.45825,175.4288
1712,491.92136,373.56158,539.7969,393.96445
1713,25.083923,10.478611,99.097404,308.82278
1714,483.36688,349.54828,576.2826,410.57544
1715,99.84177,22.094793,125.48023,434.74756
1716,375.29248,233.65938,599.1081,407.73242
1717,56.759758,43.56783,276.3252,445.5011
1718,155.96912,162.00008,266.54163,433.91876
1719,338.37192,284.17532,577.01605,302.93494
1720,19.558716,250.34497,196.16452,285.24515
1721,82.28718,18.44161,565.9879,156.17088
1722,399.35382,2.8335,634.2051,127.873764
1723,158.29659,1.07234,637.6563,28.826494
1724,489.72723,252.05792,563.65656,294.65182
1725,540.51166,60.56883,594.3275,305.63464
1726,392.02924,1.6342735,456.18,334.2132
1727,411.17557,98.6877,416.8425,149.5546
1728,251.3063,5.7097435,554.1885,252.52776
1729,465.25323,204.41963,554.6345,405.2497
1730,135.87643,158.95163,301.1533,451.65683
1731,411.96167,271.75665,574.3698,327.3583
1732,328.78403,302.86084,546.1339,455.86374
1733,232.92133,283.202,339.94202,404.33713
1734,18.62526,139.53291,569.3061,357.25235
1735,318.354,217.66193,639.6012,292.72864
1736,554.6061,17.024002,599.5991,290.089
1737,114.77749,155.38069,431.79834,238.14897
1738,16.613007,169.03181,493.47977,318.18176
1739,268.9377,50.72711,503.0127,471.51315
1740,382.9325,352.51764,402.9758,457.43765
1741,349.9182,332.70908,606.2216,425.47787
1742,273.25214,356.92972,302.29263,478.03748
1743,34.84066,363.2191,405.58383,460.96332
1744,67.13829,206.71251,266.0907,365.44165
1745,90.27672,22.611866,308.6119,377.95563
1746,268.6269,123.04736,547.4781,150.11607
1747,6.860466,128.59694,99.42593,359.28244
1748,238.63258,268.26978,341.15338,479.44238
1749,27.456055,196.0766,69.34311,286.108
1750,40.805206,289.46304,443.46738,297.59106
1751,217.53136,172.02884,552.5336,223.58682
1752,323.91888,182.9227,535.37524,296.01135
1753,76.670876,198.12186,371.29895,222.75879
1754,333.27765,5.036688,384.94308,221.73026
1755,241.73996,199.32071,476.71933,460.98355
1756,241.4288,200.66273,358.17566,411.93637
1757,177.26463,228.11084,381.98886,281.82047
1758,179.64093,50.337124,224.836,105.06898
1759,149.81117,182.36856,478.1662,347.59674
1760,103.712425,0.10133743,170.30713,333.51953
1761,243.58452,269.05188,312.4309,414.93033
1762,270.91992,64.18004,630.6325,315.39432
1763,367.9942,75.38939,521.13043,403.0406
1764,56.504974,177.59076,536.27954,363.0649
1765,175.14694,43.19647,312.95255,419.36505
1766,246.71811,107.566795,521.2411,253.73465
1767,237.9731,178.90186,493.54004,423.97812
1768,445.68866,114.70018,551.1004,128.01387
1769,103.98991,28.677206,116.05255,416.94763
1770,342.18958,85.609505,431.39664,169.53941
1771,59.802017,112.33426,360.22675,236.22011
1772,322.4747,122.82277,379.92844,379.62772
1773,112.24403,316.8962,174.23729,425.4995
1774,36.996193,68.82992,53.243065,151.98885
1775,417.4046,303.0297,600.96844,455.9758
1776,16.501923,165.51561,97.44423,182.54668
1777,84.26712,396.67703,184.22375,430.4318
1778,183.26886,316.75208,315.10483,473.70685
1779,130.33173,281.43738,355.15845,284.1307
1780,55.924683,118.63089,404.41373,233.4016
1781,61.952057,279.5957,340.98267,455.42325
1782,149.5205,288.1565,273.3752,356.38983
1783,359.5001,355.20914,467.184,437.06793
1784,22.628632,339.37833,283.50034,475.729
1785,126.74374,130.86974,326.2619,148.68916
1786,383.97733,42.536316,497.9639,214.78246
1787,11.367302,332.76147,111.492424,437.14072
1788,145.67963,356.2875,631.5322,387.14804
1789,60.449944,179.38565,558.654,261.10852
1790,311.66904,8.744602,475.06625,309.15204
1791,184.34116,234.80307,535.3275,246.60562
1792,209.21776,355.27356,539.7774,413.1086
1793,129.57489,330.94864,491.75,450.31708
1794,290.23236,134.27084,637.75757,386.39154
1795,166.1383,24.57035,636.3108,356.7614
1796,235.87146,21.847372,245.13359,187.34155
1797,13.492508,74.96515,17.65377,83.97534
1798,32.01622,2.7954197,638.63293,28.385925
1799,350.1543,174.07025,612.54846,468.52176
1800,115.86094,3.557911,402.39365,369.47086
1801,208.66925,39.42784,471.33987,220.85855
1802,4.965973,180.31992,446.22525,183.60365
1803,92.83554,219.63718,188.92319,299.04718
1804,349.39517,9.693289,485.55664,404.16068
1805,67.55318,122.92949,113.296776,152.94548
1806,147.11475,294.82904,302.7049,361.42752
1807,77.60521,11.9981575,281.3254,50.603455
1808,482.4693,93.28314,618.2031,336.61588
1809,324.35178,353.69376,381.56754,382.94186
1810,46.286354,421.32693,359.08832,455.00705
1811,508.7968,195.05156,621.1346,443.5769
1812,235.39993,177.2939,530.4089,205.19014
1813,172.9787,76.88218,336.84778,134.26958
1814,243.16673,11.916962,609.7521,331.82013
1815,326.78125,62.92176,392.50485,439.27393
1816,51.24504,58.0083,181.99623,345.4678
1817,305.75958,149.88504,527.5107,457.62686
1818,375.48206,366.51056,529.00793,455.93668
1819,183.53381,286.65668,294.7176,324.39288
1820,77.40288,268.94992,117.26063,448.91104
1821,355.20392,63.123207,461.77078,420.32907
1822,32.589874,167.79713,286.48767,204.75014
1823,255.94989,87.7908,598.33185,457.3318
1824,234.72733,168.96985,616.67914,317.14212
1825,1.9648743,112.60429,323.85178,225.52515
1826,374.70016,64.642494,572.06836,262.07877
1827,100.84362,343.06296,627.8643,458.4977
1828,235.94327,41.033134,530.1596,365.3696
1829,271.52625,258.54068,621.25745,350.1724
1830,133.55191,12.093229,634.5906,175.44397
1831,108.56037,85.12877,351.13226,98.02878
1832,412.58905,177.27556,535.4382,392.3029
1833,38.831367,12.002134,430.93936,435.0893
1834,344.0287,175.49023,531.75275,209.79114
1835,347.9532,252.9265,360.59497,345.93716
1836,179.20486,13.344812,511.50693,385.0929
1837,77.13066,14.813719,258.3107,477.58105
1838,114.20998,198.44199,637.96515,253.96909
1839,71.471405,175.25087,202.51309,225.51613
1840,72.962494,134.23125,393.87433,273.03342
1841,298.31824,185.64185,603.6112,321.38068
1842,414.55835,116.781006,560.407,295.52075
1843,143.87749,351.93845,422.53992,470.85767
1844,505.9699,247.414,523.06116,338.62912
1845,603.56476,27.649927,635.45135,453.9237
1846,83.22258,144.58305,406.7135,404.72253
1847,426.2052,143.42677,554.14655,180.78252
1848,214.0849,82.72777,591.6704,255.94028
1849,153.33916,70.97243,386.7247,323.861
1850,136.13849,211.71501,372.1588,442.2237
1851,100.24582,170.65672,209.50378,219.26553
1852,4.1287994,211.32516,230.79117,220.85008
1853,219.07178,30.192947,338.40283,444.06473
1854,260.36243,171.51427,547.6832,426.24777
1855,178.05603,131.37546,516.8269,336.64084
1856,243.56915,67.42349,506.3295,199.0242
1857,514.8788,183.39847,569.013,391.55246
1858,34.97528,12.981577,464.53555,309.2144
1859,160.77408,83.153946,563.1178,125.35152
1860,416.55594,423.94446,630.28546,462.35413
1861,175.44568,130.99811,303.2876,133.57515
1862,181.20186,327.22726,313.7587,427.7973
1863,377.91608,20.417404,584.4262,126.67042
1864,100.64953,339.55228,107.44244,479.35138
1865,176.75082,128.4369,216.72726,450.26535
1866,256.93903,98.42025,564.01685,443.8091
1867,107.33723,39.05657,112.96314,142.68124
1868,495.89175,7.54426,551.52435,337.01443
1869,359.0548,36.9302,573.296,443.192
1870,269.6599,212.75766,518.12445,421.89886
1871,97.20692,282.40607,187.26097,437.97464
1872,333.56763,336.3636,405.2589,379.4878
1873,72.71679,116.96362,238.1796,269.4422
1874,153.2785,23.457956,226.9826,363.6549
1875,88.77777,354.70023,350.30093,458.90622
1876,205.43698,38.783512,211.64467,366.9151
1877,127.50416,11.09519,596.28064,122.38824
1878,522.55347,133.76807,567.92163,319.1405
1879,521.32056,299.67596,627.66797,332.64133
1880,396.5766,93.685684,613.2899,179.8734
1881,151.35724,19.31674,306.44464,179.71631
1882,65.323715,148.39027,563.53296,278.8266
1883,318.96832,29.687061,355.93054,92.22868
1884,138.5434,198.81203,410.84558,363.78665
1885,416.40915,341.13718,584.45935,425.94916
1886,36.930275,172.82118,53.04325,283.8134
1887,117.965775,362.31104,217.00931,414.00122
1888,36.137085,95.12712,507.5871,211.59747
1889,394.2839,261.20932,610.15326,398.65845
1890,35.30449,157.81111,35.72708,255.40018
1891,331.79538,119.87998,611.4135,142.05672
1892,142.5485,97.42604,217.64081,477.97168
1893,286.44122,68.51898,612.77734,235.38597
1894,194.94281,265.39633,471.45404,475.79657
1895,222.42252,49.256973,437.1391,131.54097
1896,214.16837,229.05049,264.961,472.30527
1897,247.95941,104.94147,376.21057,411.0226
1898,192.32384,71.131294,241.45691,231.66638
1899,213.6805,23.975515,399.8871,341.63885
1900,191.49747,51.561985,433.27496,192.72687
1901,11.689377,226.58217,154.09824,383.00244
1902,13.777733,14.667263,345.22394,136.12257
1903,189.45236,143.11896,631.4911,204.5616
1904,95.34794,8.352613,144.22005,395.77548
1905,43.692245,137.62227,423.33713,218.20103
1906,141.8454,347.57867,280.6942,413.79285
1907,22.827415,161.34865,291.81183,464.63925
1908,353.86584,139.73076,604.32446,223.71846
1909,125.688286,374.58514,615.83105,442.86063
1910,175.30576,230.11427,569.09235,476.41794
1911,76.862755,54.35005,311.47372,90.37491
1912,39.905434,300.08124,104.64661,405.7595
1913,33.33271,167.77316,237.66217,396.13065
1914,522.49744,68.76889,586.3235,353.82578
1915,87.266426,54.255753,321.6699,234.99828
1916,418.4515,322.38303,453.42645,340.37186
1917,132.8212,244.6229,341.73016,283.3324
1918,560.4131,128.98058,628.2051,347.37094
1919,373.81055,144.41891,510.7879,422.03635
1920,39.916992,111.42082,539.97974,367.05182
1921,535.17316,22.881289,614.78,115.48431
1922,269.1364,15.504656,555.4353,322.7777
1923,154.0297,389.8995,368.40817,445.92105
1924,314.25836,122.653915,525.35333,285.14667
1925,462.02563,172.11305,511.34882,360.46576
1926,167.9657,202.02359,485.19394,373.39194
1927,382.9269,146.45648,615.6173,228.16406
1928,69.71466,127.5598,461.47046,173.02832
1929,133.34991,122.395996,637.912,246.94725
1930,14.061165,329.7334,613.21643,458.76828
1931,228.18707,263.26776,320.87735,440.28287
1932,459.6017,325.50958,639.3753,464.18372
1933,33.7286,283.42297,370.56787,388.7088
1934,134.70871,75.858765,547.4795,473.35345
1935,213.51494,5.9428596,316.00253,305.24496
1936,66.099815,36.809692,271.32672,471.15646
1937,113.66188,3.9903545,185.44772,154.46114
1938,267.65775,24.55121,325.79666,280.1924
1939,476.08313,411.41095,516.0382,440.88058
1940,465.44574,321.9141,562.9521,347.5384
1941,318.72687,129.83165,516.8401,238.13925
1942,3.7633896,357.77045,20.425148,378.24316
1943,415.18872,369.2809,622.9017,459.31912
1944,37.36988,90.06028,220.1751,166.52301
1945,262.05353,86.26965,440.80237,197.49487
1946,411.11163,303.4756,479.57324,408.96783
1947,481.32297,313.23895,483.19287,378.1148
1948,401.5198,198.31055,489.01672,277.32022
1949,308.18225,357.8891,481.3888,406.73727
1950,62.249832,435.14642,352.41092,446.57004
1951,472.1339,42.32397,564.1476,452.08255
1952,238.83618,108.85743,502.66315,451.407
1953,4.0722275,21.460934,499.7545,183.12653
1954,352.18713,373.2355,375.61102,418.67468
1955,162.43591,46.77967,520.74567,296.03476
1956,390.39954,270.5193,588.8178,458.41083
1957,343.80847,242.4489,449.76172,302.17908
1958,72.04121,55.062134,132.64595,336.70126
1959,307.0202,293.20477,339.89902,409.06976
1960,311.8018,295.80692,581.44214,472.58795
1961,200.13496,196.26389,442.98862,341.6907
1962,292.16296,200.30682,402.3621,331.04617
1963,568.8165,215.31078,590.8315,276.2207
1964,283.90378,64.65417,375.38232,242.55598
1965,166.83292,6.7341614,611.77783,241.07191
1966,76.33873,5.6180763,221.8501,365.0166
1967,65.70244,45.589745,211.4191,421.10486
1968,199.55212,132.21666,387.3973,229.25272
1969,62.629204,328.18784,609.7637,381.37436
1970,510.6214,325.7386,552.83246,371.8191
1971,200.57281,179.80179,428.2013,192.93108
1972,296.994,27.292929,615.6957,453.0302
1973,13.562813,46.02665,343.2293,187.40456
1974,91.59832,136.06073,176.10641,371.38928
1975,27.24125,88.31906,335.8072,393.1584
1976,124.56753,146.478,155.57422,173.4343
1977,39.959373,154.46552,603.39264,394.62256
1978,331.60617,77.73828,398.30316,434.52878
1979,373.16406,5.14678,585.2672,191.4404
1980,140.78583,3.4892464,623.689,427.42038
1981,249.61789,33.042557,471.58658,286.34787
1982,210.07484,236.95247,265.19562,305.31815
1983,65.31128,57.13045,639.0902,452.9301
1984,81.2796,8.694677,519.24646,323.88248
1985,117.46258,330.3462,340.92047,411.94553
1986,277.51224,168.44225,506.21262,461.29123
1987,198.18298,97.91536,473.70435,385.4153
1988,141.64291,121.88075,383.7827,274.69708
1989,148.2222,159.14258,473.58478,312.7171
1990,114.15058,177.42325,243.52353,424.18463
1991,411.45184,133.3627,416.0898,303.4641
1992,204.92134,249.38979,584.9663,467.4237
1993,92.641106,48.49128,232.69772,429.3405
1994,357.15363,245.36375,625.36584,285.11914
1995,120.858955,201.60513,476.97968,216.10631
1996,461.9069,393.8792,557.9699,399.5439
1997,403.93628,132.1121,551.7435,435.7865
1998,14.334946,188.07324,310.29474,399.003
1999,205.47787,146.08188,631.31134,184.00302
